arxiv_id,title,authors,published_date,pillar_tags,citation_count,abstract,arxiv_url
1307.5730,A New Strategy of Cost-Free Learning in the Class Imbalance Problem,Xiaowan Zhang; Bao-Gang Hu,2013-07-22,class_imbalance,44,"In this work, we define cost-free learning (CFL) formally in comparison with cost-sensitive learning (CSL). The main difference between them is that a CFL approach seeks optimal classification results without requiring any cost information, even in the class imbalance problem. In fact, several CFL approaches exist in the related studies, such as sampling and some criteria-based pproaches. However, to our best knowledge, none of the existing CFL and CSL approaches are able to process the abstaining classifications properly when no information is given about errors and rejects. Based on information theory, we propose a novel CFL which seeks to maximize normalized mutual information of the targets and the decision outputs of classifiers. Using the strategy, we can deal with binary/multi-class classifications with/without abstaining. Significant features are observed from the new strategy. While the degree of class imbalance is changing, the proposed strategy is able to balance the errors and rejects accordingly and automatically. Another advantage of the strategy is its ability of deriving optimal rejection thresholds for abstaining classifications and the ""equivalent"" costs in binary classifications. The connection between rejection thresholds and ROC curve is explored. Empirical investigation is made on several benchmark data sets in comparison with other existing approaches. The classification results demonstrate a promising perspective of the strategy in machine learning.",http://arxiv.org/abs/1307.5730v1
1503.06745,Online classifier adaptation for cost-sensitive learning,Junlin Zhang; Jose Garcia,2015-03-23,class_imbalance,5,"In this paper, we propose the problem of online cost-sensitive clas- sifier adaptation and the first algorithm to solve it. We assume we have a base classifier for a cost-sensitive classification problem, but it is trained with respect to a cost setting different to the desired one. Moreover, we also have some training data samples streaming to the algorithm one by one. The prob- lem is to adapt the given base classifier to the desired cost setting using the steaming training samples online. To solve this problem, we propose to learn a new classifier by adding an adaptation function to the base classifier, and update the adaptation function parameter according to the streaming data samples. Given a input data sample and the cost of misclassifying it, we up- date the adaptation function parameter by minimizing cost weighted hinge loss and respecting previous learned parameter simultaneously. The proposed algorithm is compared to both online and off-line cost-sensitive algorithms on two cost-sensitive classification problems, and the experiments show that it not only outperforms them one classification performances, but also requires significantly less running time.",http://arxiv.org/abs/1503.06745v1
1505.01658,A Survey of Predictive Modelling under Imbalanced Distributions,Paula Branco; Luis Torgo; Rita Ribeiro,2015-05-07,fraud_detection,232,"Many real world data mining applications involve obtaining predictive models using data sets with strongly imbalanced distributions of the target variable. Frequently, the least common values of this target variable are associated with events that are highly relevant for end users (e.g. fraud detection, unusual returns on stock markets, anticipation of catastrophes, etc.). Moreover, the events may have different costs and benefits, which when associated with the rarity of some of them on the available training data creates serious problems to predictive modelling techniques. This paper presents a survey of existing techniques for handling these important applications of predictive analytics. Although most of the existing work addresses classification tasks (nominal target variables), we also describe methods designed to handle similar problems within regression tasks (numeric target variables). In this survey we discuss the main challenges raised by imbalanced distributions, describe the main approaches to these problems, propose a taxonomy of these methods and refer to some related problems within predictive modelling.",http://arxiv.org/abs/1505.01658v2
1607.06525,CGMOS: Certainty Guided Minority OverSampling,Xi Zhang; Di Ma; Lin Gan; Shanshan Jiang; Gady Agam,2016-07-21,class_imbalance,25,"Handling imbalanced datasets is a challenging problem that if not treated correctly results in reduced classification performance. Imbalanced datasets are commonly handled using minority oversampling, whereas the SMOTE algorithm is a successful oversampling algorithm with numerous extensions. SMOTE extensions do not have a theoretical guarantee during training to work better than SMOTE and in many instances their performance is data dependent. In this paper we propose a novel extension to the SMOTE algorithm with a theoretical guarantee for improved classification performance. The proposed approach considers the classification performance of both the majority and minority classes. In the proposed approach CGMOS (Certainty Guided Minority OverSampling) new data points are added by considering certainty changes in the dataset. The paper provides a proof that the proposed algorithm is guaranteed to work better than SMOTE for training data. Further experimental results on 30 real-world datasets show that CGMOS works better than existing algorithms when using 6 different classifiers.",http://arxiv.org/abs/1607.06525v1
1611.06439,A Survey of Credit Card Fraud Detection Techniques: Data and Technique Oriented Perspective, SamanehSorournejad; Zahra Zojaji; Reza Ebrahimi Atani; Amir Hassan Monadjemi,2016-11-19,fraud_detection,135,"Credit card plays a very important rule in today's economy. It becomes an unavoidable part of household, business and global activities. Although using credit cards provides enormous benefits when used carefully and responsibly,significant credit and financial damages may be caused by fraudulent activities. Many techniques have been proposed to confront the growth in credit card fraud. However, all of these techniques have the same goal of avoiding the credit card fraud; each one has its own drawbacks, advantages and characteristics. In this paper, after investigating difficulties of credit card fraud detection, we seek to review the state of the art in credit card fraud detection techniques, data sets and evaluation criteria.The advantages and disadvantages of fraud detection methods are enumerated and compared.Furthermore, a classification of mentioned techniques into two main fraud detection approaches, namely, misuses (supervised) and anomaly detection (unsupervised) is presented. Again, a classification of techniques is proposed based on capability to process the numerical and categorical data sets. Different data sets used in literature are then described and grouped into real and synthesized data and the effective and common attributes are extracted for further usage.Moreover, evaluation employed criterions in literature are collected and discussed.Consequently, open issues for credit card fraud detection are explained as guidelines for new researchers.",http://arxiv.org/abs/1611.06439v1
1707.00536,Robust Cost-Sensitive Learning for Recommendation with Implicit Feedback,Peng Yang; Peilin Zhao; Xin Gao; Yong Liu,2017-07-03,class_imbalance,20,"Recommendation is the task of improving customer experience through personalized recommendation based on users' past feedback. In this paper, we investigate the most common scenario: the user-item (U-I) matrix of implicit feedback. Even though many recommendation approaches are designed based on implicit feedback, they attempt to project the U-I matrix into a low-rank latent space, which is a strict restriction that rarely holds in practice. In addition, although misclassification costs from imbalanced classes are significantly different, few methods take the cost of classification error into account. To address aforementioned issues, we propose a robust framework by decomposing the U-I matrix into two components: (1) a low-rank matrix that captures the common preference, and (2) a sparse matrix that detects the user-specific preference of individuals. A cost-sensitive learning model is embedded into the framework. Specifically, this model exploits different costs in the loss function for the observed and unobserved instances. We show that the resulting non-smooth convex objective can be optimized efficiently by an accelerated projected gradient method with closed-form solutions. Morever, the proposed algorithm can be scaled up to large-sized datasets after a relaxation. The theoretical result shows that even with a small fraction of 1's in the U-I matrix $M\in\mathbb{R}^{n\times m}$, the cost-sensitive error of the proposed model is upper bounded by $O(\fracα{\sqrt{mn}})$, where $α$ is a bias over imbalanced classes. Finally, empirical experiments are extensively carried out to evaluate the effectiveness of our proposed algorithm. Encouraging experimental results show that our algorithm outperforms several state-of-the-art algorithms on benchmark recommendation datasets.",http://arxiv.org/abs/1707.00536v2
1709.07377,Geometric SMOTE: Effective oversampling for imbalanced learning through a geometric extension of SMOTE,Georgios Douzas; Fernando Bacao,2017-09-21,class_imbalance,23,"Classification of imbalanced datasets is a challenging task for standard algorithms. Although many methods exist to address this problem in different ways, generating artificial data for the minority class is a more general approach compared to algorithmic modifications. SMOTE algorithm and its variations generate synthetic samples along a line segment that joins minority class instances. In this paper we propose Geometric SMOTE (G-SMOTE) as a generalization of the SMOTE data generation mechanism. G-SMOTE generates synthetic samples in a geometric region of the input space, around each selected minority instance. While in the basic configuration this region is a hyper-sphere, G-SMOTE allows its deformation to a hyper-spheroid and finally to a line segment, emulating, in the last case, the SMOTE mechanism. The performance of G-SMOTE is compared against multiple standard oversampling algorithms. We present empirical results that show a significant improvement in the quality of the generated data when G-SMOTE is used as an oversampling algorithm.",http://arxiv.org/abs/1709.07377v1
1711.00837,Oversampling for Imbalanced Learning Based on K-Means and SMOTE,Felix Last; Georgios Douzas; Fernando Bacao,2017-11-02,class_imbalance,966,"Learning from class-imbalanced data continues to be a common and challenging problem in supervised learning as standard classification algorithms are designed to handle balanced class distributions. While different strategies exist to tackle this problem, methods which generate artificial data to achieve a balanced class distribution are more versatile than modifications to the classification algorithm. Such techniques, called oversamplers, modify the training data, allowing any classifier to be used with class-imbalanced datasets. Many algorithms have been proposed for this task, but most are complex and tend to generate unnecessary noise. This work presents a simple and effective oversampling method based on k-means clustering and SMOTE oversampling, which avoids the generation of noise and effectively overcomes imbalances between and within classes. Empirical results of extensive experiments with 71 datasets show that training data oversampled with the proposed method improves classification results. Moreover, k-means SMOTE consistently outperforms other popular oversampling methods. An implementation is made available in the python programming language.",http://arxiv.org/abs/1711.00837v2
1711.05365,LIUBoost : Locality Informed Underboosting for Imbalanced Data Classification,Sajid Ahmed; Farshid Rayhan; Asif Mahbub; Md. Rafsan Jani; Swakkhar Shatabda; Dewan Md. Farid; Chowdhury Mofizur Rahman,2017-11-15,class_imbalance,9,"The problem of class imbalance along with class-overlapping has become a major issue in the domain of supervised learning. Most supervised learning algorithms assume equal cardinality of the classes under consideration while optimizing the cost function and this assumption does not hold true for imbalanced datasets which results in sub-optimal classification. Therefore, various approaches, such as undersampling, oversampling, cost-sensitive learning and ensemble based methods have been proposed for dealing with imbalanced datasets. However, undersampling suffers from information loss, oversampling suffers from increased runtime and potential overfitting while cost-sensitive methods suffer due to inadequately defined cost assignment schemes. In this paper, we propose a novel boosting based method called LIUBoost. LIUBoost uses under sampling for balancing the datasets in every boosting iteration like RUSBoost while incorporating a cost term for every instance based on their hardness into the weight update formula minimizing the information loss introduced by undersampling. LIUBoost has been extensively evaluated on 18 imbalanced datasets and the results indicate significant improvement over existing best performing method RUSBoost.",http://arxiv.org/abs/1711.05365v1
1712.04356,CUSBoost: Cluster-based Under-sampling with Boosting for Imbalanced Classification,Farshid Rayhan; Sajid Ahmed; Asif Mahbub; Md. Rafsan Jani; Swakkhar Shatabda; Dewan Md. Farid,2017-12-12,class_imbalance,102,"Class imbalance classification is a challenging research problem in data mining and machine learning, as most of the real-life datasets are often imbalanced in nature. Existing learning algorithms maximise the classification accuracy by correctly classifying the majority class, but misclassify the minority class. However, the minority class instances are representing the concept with greater interest than the majority class instances in real-life applications. Recently, several techniques based on sampling methods (under-sampling of the majority class and over-sampling the minority class), cost-sensitive learning methods, and ensemble learning have been used in the literature for classifying imbalanced datasets. In this paper, we introduce a new clustering-based under-sampling approach with boosting (AdaBoost) algorithm, called CUSBoost, for effective imbalanced classification. The proposed algorithm provides an alternative to RUSBoost (random under-sampling with AdaBoost) and SMOTEBoost (synthetic minority over-sampling with AdaBoost) algorithms. We evaluated the performance of CUSBoost algorithm with the state-of-the-art methods based on ensemble learning like AdaBoost, RUSBoost, SMOTEBoost on 13 imbalance binary and multi-class datasets with various imbalance ratios. The experimental results show that the CUSBoost is a promising and effective approach for dealing with highly imbalanced datasets.",http://arxiv.org/abs/1712.04356v1
1801.04396,Cost-Sensitive Convolution based Neural Networks for Imbalanced Time-Series Classification,Yue Geng; Xinyu Luo,2018-01-13,class_imbalance,29,"Some deep convolutional neural networks were proposed for time-series classification and class imbalanced problems. However, those models performed degraded and even failed to recognize the minority class of an imbalanced temporal sequences dataset. Minority samples would bring troubles for temporal deep learning classifiers due to the equal treatments of majority and minority class. Until recently, there were few works applying deep learning on imbalanced time-series classification (ITSC) tasks. Here, this paper aimed at tackling ITSC problems with deep learning. An adaptive cost-sensitive learning strategy was proposed to modify temporal deep learning models. Through the proposed strategy, classifiers could automatically assign misclassification penalties to each class. In the experimental section, the proposed method was utilized to modify five neural networks. They were evaluated on a large volume, real-life and imbalanced time-series dataset with six metrics. Each single network was also tested alone and combined with several mainstream data samplers. Experimental results illustrated that the proposed cost-sensitive modified networks worked well on ITSC tasks. Compared to other methods, the cost-sensitive convolution neural network and residual network won out in the terms of all metrics. Consequently, the proposed cost-sensitive learning strategy can be used to modify deep learning classifiers from cost-insensitive to cost-sensitive. Those cost-sensitive convolutional networks can be effectively applied to address ITSC issues.",http://arxiv.org/abs/1801.04396v1
1803.00310,Minimax rates for cost-sensitive learning on manifolds with approximate nearest neighbours,Henry WJ Reeve; Gavin Brown,2018-03-01,class_imbalance,11,"We study the approximate nearest neighbour method for cost-sensitive classification on low-dimensional manifolds embedded within a high-dimensional feature space. We determine the minimax learning rates for distributions on a smooth manifold, in a cost-sensitive setting. This generalises a classic result of Audibert and Tsybakov. Building upon recent work of Chaudhuri and Dasgupta we prove that these minimax rates are attained by the approximate nearest neighbour algorithm, where neighbours are computed in a randomly projected low-dimensional space. In addition, we give a bound on the number of dimensions required for the projection which depends solely upon the reach and dimension of the manifold, combined with the regularity of the marginal.",http://arxiv.org/abs/1803.00310v1
1803.11002,Modified SMOTE Using Mutual Information and Different Sorts of Entropies,Sima Sharifirad; Azra Nazari; Mehdi Ghatee,2018-03-29,class_imbalance,2,"SMOTE is one of the oversampling techniques for balancing the datasets and it is considered as a pre-processing step in learning algorithms. In this paper, four new enhanced SMOTE are proposed that include an improved version of KNN in which the attribute weights are defined by mutual information firstly and then they are replaced by maximum entropy, Renyi entropy and Tsallis entropy. These four pre-processing methods are combined with 1NN and J48 classifiers and their performance are compared with the previous methods on 11 imbalanced datasets from KEEL repository. The results show that these pre-processing methods improves the accuracy compared with the previous stablished works. In addition, as a case study, the first pre-processing method is applied on transportation data of Tehran-Bazargan Highway in Iran with IR equal to 36.",http://arxiv.org/abs/1803.11002v1
1804.07481,Streaming Active Learning Strategies for Real-Life Credit Card Fraud Detection: Assessment and Visualization,Fabirzio Carcillo; Yann-Aël Le Borgne; Olivier Caelen; Gianluca Bontempi,2018-04-20,fraud_detection,107,"Credit card fraud detection is a very challenging problem because of the specific nature of transaction data and the labeling process. The transaction data is peculiar because they are obtained in a streaming fashion, they are strongly imbalanced and prone to non-stationarity. The labeling is the outcome of an active learning process, as every day human investigators contact only a small number of cardholders (associated to the riskiest transactions) and obtain the class (fraud or genuine) of the related transactions. An adequate selection of the set of cardholders is therefore crucial for an efficient fraud detection process. In this paper, we present a number of active learning strategies and we investigate their fraud detection accuracies. We compare different criteria (supervised, semi-supervised and unsupervised) to query unlabeled transactions. Finally, we highlight the existence of an exploitation/exploration trade-off for active learning in the context of fraud detection, which has so far been overlooked in the literature.",http://arxiv.org/abs/1804.07481v1
1804.10801,A Cost-Sensitive Deep Belief Network for Imbalanced Classification,Chong Zhang; Kay Chen Tan; Haizhou Li; Geok Soon Hong,2018-04-28,class_imbalance,255,"Imbalanced data with a skewed class distribution are common in many real-world applications. Deep Belief Network (DBN) is a machine learning technique that is effective in classification tasks. However, conventional DBN does not work well for imbalanced data classification because it assumes equal costs for each class. To deal with this problem, cost-sensitive approaches assign different misclassification costs for different classes without disrupting the true data sample distributions. However, due to lack of prior knowledge, the misclassification costs are usually unknown and hard to choose in practice. Moreover, it has not been well studied as to how cost-sensitive learning could improve DBN performance on imbalanced data problems. This paper proposes an evolutionary cost-sensitive deep belief network (ECS-DBN) for imbalanced classification. ECS-DBN uses adaptive differential evolution to optimize the misclassification costs based on training data, that presents an effective approach to incorporating the evaluation measure (i.e. G-mean) into the objective function. We first optimize the misclassification costs, then apply them to deep belief network. Adaptive differential evolution optimization is implemented as the optimization algorithm that automatically updates its corresponding parameters without the need of prior domain knowledge. The experiments have shown that the proposed approach consistently outperforms the state-of-the-art on both benchmark datasets and real-world dataset for fault diagnosis in tool condition monitoring.",http://arxiv.org/abs/1804.10801v2
1805.07892,Localized Multiple Kernel Learning for Anomaly Detection: One-class Classification,Chandan Gautam; Ramesh Balaji; K Sudharsan; Aruna Tiwari; Kapil Ahuja,2018-05-21,anomaly_detection,44,"Multi-kernel learning has been well explored in the recent past and has exhibited promising outcomes for multi-class classification and regression tasks. In this paper, we present a multiple kernel learning approach for the One-class Classification (OCC) task and employ it for anomaly detection. Recently, the basic multi-kernel approach has been proposed to solve the OCC problem, which is simply a convex combination of different kernels with equal weights. This paper proposes a Localized Multiple Kernel learning approach for Anomaly Detection (LMKAD) using OCC, where the weight for each kernel is assigned locally. Proposed LMKAD approach adapts the weight for each kernel using a gating function. The parameters of the gating function and one-class classifier are optimized simultaneously through a two-step optimization process. We present the empirical results of the performance of LMKAD on 25 benchmark datasets from various disciplines. This performance is evaluated against existing Multi Kernel Anomaly Detection (MKAD) algorithm, and four other existing kernel-based one-class classifiers to showcase the credibility of our approach. Our algorithm achieves significantly better Gmean scores while using a lesser number of support vectors compared to MKAD. Friedman test is also performed to verify the statistical significance of the results claimed in this paper.",http://arxiv.org/abs/1805.07892v4
1809.02596,VOS: a Method for Variational Oversampling of Imbalanced Data,Val Andrei Fajardo; David Findlay; Roshanak Houmanfar; Charu Jaiswal; Jiaxi Liang; Honglei Xie,2018-09-07,class_imbalance,10,"Class imbalanced datasets are common in real-world applications that range from credit card fraud detection to rare disease diagnostics. Several popular classification algorithms assume that classes are approximately balanced, and hence build the accompanying objective function to maximize an overall accuracy rate. In these situations, optimizing the overall accuracy will lead to highly skewed predictions towards the majority class. Moreover, the negative business impact resulting from false positives (positive samples incorrectly classified as negative) can be detrimental. Many methods have been proposed to address the class imbalance problem, including methods such as over-sampling, under-sampling and cost-sensitive methods. In this paper, we consider the over-sampling method, where the aim is to augment the original dataset with synthetically created observations of the minority classes. In particular, inspired by the recent advances in generative modelling techniques (e.g., Variational Inference and Generative Adversarial Networks), we introduce a new oversampling technique based on variational autoencoders. Our experiments show that the new method is superior in augmenting datasets for downstream classification tasks when compared to traditional oversampling methods.",http://arxiv.org/abs/1809.02596v1
1810.10363,G-SMOTE: A GMM-based synthetic minority oversampling technique for imbalanced learning,Tianlun Zhang; Xi Yang,2018-10-24,class_imbalance,7,"Imbalanced Learning is an important learning algorithm for the classification models, which have enjoyed much popularity on many applications. Typically, imbalanced learning algorithms can be partitioned into two types, i.e., data level approaches and algorithm level approaches. In this paper, the focus is to develop a robust synthetic minority oversampling technique which falls the umbrella of data level approaches. On one hand, we proposed a method to generate synthetic samples in a high dimensional feature space, instead of a linear sampling space. On the other hand, in the proposed imbalanced learning framework, Gaussian Mixture Model is employed to distinguish the outliers from minority class instances and filter out the synthetic majority class instances. Last and more importantly, an adaptive optimization method is proposed to optimize these parameters in sampling process. By doing so, an effectiveness and efficiency imbalanced learning framework is developed.",http://arxiv.org/abs/1810.10363v1
1811.02196,Credit Card Fraud Detection in e-Commerce: An Outlier Detection Approach,Utkarsh Porwal; Smruthi Mukund,2018-11-06,fraud_detection,38,"Often the challenge associated with tasks like fraud and spam detection is the lack of all likely patterns needed to train suitable supervised learning models. This problem accentuates when the fraudulent patterns are not only scarce, they also change over time. Change in fraudulent pattern is because fraudsters continue to innovate novel ways to circumvent measures put in place to prevent fraud. Limited data and continuously changing patterns makes learning significantly difficult. We hypothesize that good behavior does not change with time and data points representing good behavior have consistent spatial signature under different groupings. Based on this hypothesis we are proposing an approach that detects outliers in large data sets by assigning a consistency score to each data point using an ensemble of clustering methods. Our main contribution is proposing a novel method that can detect outliers in large datasets and is robust to changing patterns. We also argue that area under the ROC curve, although a commonly used metric to evaluate outlier detection methods is not the right metric. Since outlier detection problems have a skewed distribution of classes, precision-recall curves are better suited because precision compares false positives to true positives (outliers) rather than true negatives (inliers) and therefore is not affected by the problem of class imbalance. We show empirically that area under the precision-recall curve is a better than ROC as an evaluation metric. The proposed approach is tested on the modified version of the Landsat satellite dataset, the modified version of the ann-thyroid dataset and a large real world credit card fraud detection dataset available through Kaggle where we show significant improvement over the baseline methods.",http://arxiv.org/abs/1811.02196v2
1901.00243,Opportunistic Learning: Budgeted Cost-Sensitive Learning from Data Streams,Mohammad Kachuee; Orpaz Goldstein; Kimmo Karkkainen; Sajad Darabi; Majid Sarrafzadeh,2019-01-02,class_imbalance,42,"In many real-world learning scenarios, features are only acquirable at a cost constrained under a budget. In this paper, we propose a novel approach for cost-sensitive feature acquisition at the prediction-time. The suggested method acquires features incrementally based on a context-aware feature-value function. We formulate the problem in the reinforcement learning paradigm, and introduce a reward function based on the utility of each feature. Specifically, MC dropout sampling is used to measure expected variations of the model uncertainty which is used as a feature-value function. Furthermore, we suggest sharing representations between the class predictor and value function estimator networks. The suggested approach is completely online and is readily applicable to stream learning setups. The solution is evaluated on three different datasets including the well-known MNIST dataset as a benchmark as well as two cost-sensitive datasets: Yahoo Learning to Rank and a dataset in the medical domain for diabetes classification. According to the results, the proposed method is able to efficiently acquire features and make accurate predictions.",http://arxiv.org/abs/1901.00243v2
1901.02271,Cost Sensitive Learning in the Presence of Symmetric Label Noise,Sandhya Tripathi; N. Hemachandra,2019-01-08,class_imbalance,6,"In binary classification framework, we are interested in making cost sensitive label predictions in the presence of uniform/symmetric label noise. We first observe that $0$-$1$ Bayes classifiers are not (uniform) noise robust in cost sensitive setting. To circumvent this impossibility result, we present two schemes; unlike the existing methods, our schemes do not require noise rate. The first one uses $α$-weighted $γ$-uneven margin squared loss function, $l_{α, usq}$, which can handle cost sensitivity arising due to domain requirement (using user given $α$) or class imbalance (by tuning $γ$) or both. However, we observe that $l_{α, usq}$ Bayes classifiers are also not cost sensitive and noise robust. We show that regularized ERM of this loss function over the class of linear classifiers yields a cost sensitive uniform noise robust classifier as a solution of a system of linear equations. We also provide a performance bound for this classifier. The second scheme that we propose is a re-sampling based scheme that exploits the special structure of the uniform noise models and uses in-class probability $η$ estimates. Our computational experiments on some UCI datasets with class imbalance show that classifiers of our two schemes are on par with the existing methods and in fact better in some cases w.r.t. Accuracy and Arithmetic Mean, without using/tuning noise rate. We also consider other cost sensitive performance measures viz., F measure and Weighted Cost for evaluation. As our re-sampling scheme requires estimates of $η$, we provide a detailed comparative study of various $η$ estimation methods on synthetic datasets, w.r.t. half a dozen evaluation criterion. Also, we provide understanding on the interpretation of cost parameters $α$ and $γ$ using different synthetic data experiments.",http://arxiv.org/abs/1901.02271v4
1901.03407,Deep Learning for Anomaly Detection: A Survey,Raghavendra Chalapathy; Sanjay Chawla,2019-01-10,anomaly_detection,1899,"Anomaly detection is an important problem that has been well-studied within diverse research areas and application domains. The aim of this survey is two-fold, firstly we present a structured and comprehensive overview of research methods in deep learning-based anomaly detection. Furthermore, we review the adoption of these methods for anomaly across various application domains and assess their effectiveness. We have grouped state-of-the-art research techniques into different categories based on the underlying assumptions and approach adopted. Within each category we outline the basic anomaly detection technique, along with its variants and present key assumptions, to differentiate between normal and anomalous behavior. For each category, we present we also present the advantages and limitations and discuss the computational complexity of the techniques in real application domains. Finally, we outline open issues in research and challenges faced while adopting these techniques.",http://arxiv.org/abs/1901.03407v2
1901.09972,Heartbeat Anomaly Detection using Adversarial Oversampling,Jefferson L. P. Lima; David Macêdo; Cleber Zanchettin,2019-01-28,class_imbalance,22,"Cardiovascular diseases are one of the most common causes of death in the world. Prevention, knowledge of previous cases in the family, and early detection is the best strategy to reduce this fact. Different machine learning approaches to automatic diagnostic are being proposed to this task. As in most health problems, the imbalance between examples and classes is predominant in this problem and affects the performance of the automated solution. In this paper, we address the classification of heartbeats images in different cardiovascular diseases. We propose a two-dimensional Convolutional Neural Network for classification after using a InfoGAN architecture for generating synthetic images to unbalanced classes. We call this proposal Adversarial Oversampling and compare it with the classical oversampling methods as SMOTE, ADASYN, and RandomOversampling. The results show that the proposed approach improves the classifier performance for the minority classes without harming the performance in the balanced classes.",http://arxiv.org/abs/1901.09972v1
1902.09347,Efficient Path Prediction for Semi-Supervised and Weakly Supervised Hierarchical Text Classification,Huiru Xiao; Xin Liu; Yangqiu Song,2019-02-25,class_imbalance,21,"Hierarchical text classification has many real-world applications. However, labeling a large number of documents is costly. In practice, we can use semi-supervised learning or weakly supervised learning (e.g., dataless classification) to reduce the labeling cost. In this paper, we propose a path cost-sensitive learning algorithm to utilize the structural information and further make use of unlabeled and weakly-labeled data. We use a generative model to leverage the large amount of unlabeled data and introduce path constraints into the learning algorithm to incorporate the structural information of the class hierarchy. The posterior probabilities of both unlabeled and weakly labeled data can be incorporated with path-dependent scores. Since we put a structure-sensitive cost to the learning algorithm to constrain the classification consistent with the class hierarchy and do not need to reconstruct the feature vectors for different structures, we can significantly reduce the computational cost compared to structural output learning. Experimental results on two hierarchical text classification benchmarks show that our approach is not only effective but also efficient to handle the semi-supervised and weakly supervised hierarchical text classification.",http://arxiv.org/abs/1902.09347v1
1904.10604,A Comparison Study of Credit Card Fraud Detection: Supervised versus Unsupervised,Xuetong Niu; Li Wang; Xulei Yang,2019-04-24,fraud_detection,85,"Credit card has become popular mode of payment for both online and offline purchase, which leads to increasing daily fraud transactions. An Efficient fraud detection methodology is therefore essential to maintain the reliability of the payment system. In this study, we perform a comparison study of credit card fraud detection by using various supervised and unsupervised approaches. Specifically, 6 supervised classification models, i.e., Logistic Regression (LR), K-Nearest Neighbors (KNN), Support Vector Machines (SVM), Decision Tree (DT), Random Forest (RF), Extreme Gradient Boosting (XGB), as well as 4 unsupervised anomaly detection models, i.e., One-Class SVM (OCSVM), Auto-Encoder (AE), Restricted Boltzmann Machine (RBM), and Generative Adversarial Networks (GAN), are explored in this study. We train all these models on a public credit card transaction dataset from Kaggle website, which contains 492 frauds out of 284,807 transactions. The labels of the transactions are used for supervised learning models only. The performance of each model is evaluated through 5-fold cross validation in terms of Area Under the Receiver Operating Curves (AUROC). Within supervised approaches, XGB and RF obtain the best performance with AUROC = 0.989 and AUROC = 0.988, respectively. While for unsupervised approaches, RBM achieves the best performance with AUROC = 0.961, followed by GAN with AUROC = 0.954. The experimental results show that supervised models perform slightly better than unsupervised models in this study. Anyway, unsupervised approaches are still promising for credit card fraud transaction detection due to the insufficient annotation and the data imbalance issue in real-world applications.",http://arxiv.org/abs/1904.10604v1
1905.06247,Multiple perspectives HMM-based feature engineering for credit card fraud detection,Yvan Lucas; Pierre-Edouard Portier; Léa Laporte; Olivier Caelen; Liyun He-Guelton; Sylvie Calabretto; Michael Granitzer,2019-05-15,fraud_detection,40,"Machine learning and data mining techniques have been used extensively in order to detect credit card frauds. However, most studies consider credit card transactions as isolated events and not as a sequence of transactions. In this article, we model a sequence of credit card transactions from three different perspectives, namely (i) does the sequence contain a Fraud? (ii) Is the sequence obtained by fixing the card-holder or the payment terminal? (iii) Is it a sequence of spent amount or of elapsed time between the current and previous transactions? Combinations of the three binary perspectives give eight sets of sequences from the (training) set of transactions. Each one of these sets is modelled with a Hidden Markov Model (HMM). Each HMM associates a likelihood to a transaction given its sequence of previous transactions. These likelihoods are used as additional features in a Random Forest classifier for fraud detection. This multiple perspectives HMM-based approach enables an automatic feature engineering in order to model the sequential properties of the dataset with respect to the classification task. This strategy allows for a 15% increase in the precision-recall AUC compared to the state of the art feature engineering strategy for credit card fraud detection.",http://arxiv.org/abs/1905.06247v1
1905.13628,Time Series Anomaly Detection Using Convolutional Neural Networks and Transfer Learning,Tailai Wen; Roy Keyes,2019-05-31,anomaly_detection,153,"Time series anomaly detection plays a critical role in automated monitoring systems. Most previous deep learning efforts related to time series anomaly detection were based on recurrent neural networks (RNN). In this paper, we propose a time series segmentation approach based on convolutional neural networks (CNN) for anomaly detection. Moreover, we propose a transfer learning framework that pretrains a model on a large-scale synthetic univariate time series data set and then fine-tunes its weights on small-scale, univariate or multivariate data sets with previously unseen classes of anomalies. For the multivariate case, we introduce a novel network architecture. The approach was tested on multiple synthetic and real data sets successfully.",http://arxiv.org/abs/1905.13628v1
1906.04928,Deep Learning for Spatio-Temporal Data Mining: A Survey,Senzhang Wang; Jiannong Cao; Philip S. Yu,2019-06-11,anomaly_detection,813,"With the fast development of various positioning techniques such as Global Position System (GPS), mobile devices and remote sensing, spatio-temporal data has become increasingly available nowadays. Mining valuable knowledge from spatio-temporal data is critically important to many real world applications including human mobility understanding, smart transportation, urban planning, public safety, health care and environmental management. As the number, volume and resolution of spatio-temporal datasets increase rapidly, traditional data mining methods, especially statistics based methods for dealing with such data are becoming overwhelmed. Recently, with the advances of deep learning techniques, deep leaning models such as convolutional neural network (CNN) and recurrent neural network (RNN) have enjoyed considerable success in various machine learning tasks due to their powerful hierarchical feature learning ability in both spatial and temporal domains, and have been widely applied in various spatio-temporal data mining (STDM) tasks such as predictive learning, representation learning, anomaly detection and classification. In this paper, we provide a comprehensive survey on recent progress in applying deep learning techniques for STDM. We first categorize the types of spatio-temporal data and briefly introduce the popular deep learning models that are used in STDM. Then a framework is introduced to show a general pipeline of the utilization of deep learning models for STDM. Next we classify existing literatures based on the types of ST data, the data mining tasks, and the deep learning models, followed by the applications of deep learning for STDM in different domains including transportation, climate science, human mobility, location based social network, crime analysis, and neuroscience. Finally, we conclude the limitations of current research and point out future research directions.",http://arxiv.org/abs/1906.04928v2
1906.05277,A Combination of Temporal Sequence Learning and Data Description for Anomaly-based NIDS,Nguyen Thanh Van; Tran Ngoc Thinh; Le Thanh Sach,2019-06-07,class_imbalance,6,"Through continuous observation and modeling of normal behavior in networks, Anomaly-based Network Intrusion Detection System (A-NIDS) offers a way to find possible threats via deviation from the normal model. The analysis of network traffic based on the time series model has the advantage of exploiting the relationship between packages within network traffic and observing trends of behaviors over a period of time. It will generate new sequences with good features that support anomaly detection in network traffic and provide the ability to detect new attacks. Besides, an anomaly detection technique, which focuses on the normal data and aims to build a description of it, will be an effective technique for anomaly detection in imbalanced data. In this paper, we propose a combination model of Long Short Term Memory (LSTM) architecture for processing time series and a data description Support Vector Data Description (SVDD) for anomaly detection in A-NIDS to obtain the advantages of them. This model helps parameters in LSTM and SVDD are jointly trained with the joint optimization method. Our experimental results with KDD99 dataset show that the proposed combined model obtains high performance in intrusion detection, especially DoS and Probe attacks with 98.0% and 99.8%, respectively.",http://arxiv.org/abs/1906.05277v1
1906.06977,Dataset shift quantification for credit card fraud detection,Yvan Lucas; Pierre-Edouard Portier; Léa Laporte; Sylvie Calabretto; Liyun He-Guelton; Frederic Oblé; Michael Granitzer,2019-06-17,fraud_detection,25,"Machine learning and data mining techniques have been used extensively in order to detect credit card frauds. However purchase behaviour and fraudster strategies may change over time. This phenomenon is named dataset shift or concept drift in the domain of fraud detection. In this paper, we present a method to quantify day-by-day the dataset shift in our face-to-face credit card transactions dataset (card holder located in the shop) . In practice, we classify the days against each other and measure the efficiency of the classification. The more efficient the classification, the more different the buying behaviour between two days, and vice versa. Therefore, we obtain a distance matrix characterizing the dataset shift. After an agglomerative clustering of the distance matrix, we observe that the dataset shift pattern matches the calendar events for this time period (holidays, week-ends, etc). We then incorporate this dataset shift knowledge in the credit card fraud detection task as a new feature. This leads to a small improvement of the detection.",http://arxiv.org/abs/1906.06977v1
1907.00749,Deep Multi-Task Learning for Anomalous Driving Detection Using CAN Bus Scalar Sensor Data,Vidyasagar Sadhu; Teruhisa Misu; Dario Pompili,2019-06-28,class_imbalance,20,"Corner cases are the main bottlenecks when applying Artificial Intelligence (AI) systems to safety-critical applications. An AI system should be intelligent enough to detect such situations so that system developers can prepare for subsequent planning. In this paper, we propose semi-supervised anomaly detection considering the imbalance of normal situations. In particular, driving data consists of multiple positive/normal situations (e.g., right turn, going straight), some of which (e.g., U-turn) could be as rare as anomalous situations. Existing machine learning based anomaly detection approaches do not fare sufficiently well when applied to such imbalanced data. In this paper, we present a novel multi-task learning based approach that leverages domain-knowledge (maneuver labels) for anomaly detection in driving data. We evaluate the proposed approach both quantitatively and qualitatively on 150 hours of real-world driving data and show improved performance over baseline approaches.",http://arxiv.org/abs/1907.00749v1
1907.01702,VELC: A New Variational AutoEncoder Based Model for Time Series Anomaly Detection,Chunkai Zhang; Shaocong Li; Hongye Zhang; Yingyang Chen,2019-07-03,anomaly_detection,40,"Anomaly detection is a classical but worthwhile problem, and many deep learning-based anomaly detection algorithms have been proposed, which can usually achieve better detection results than traditional methods. In view of reconstruct ability of the model and the calculation of anomaly score, this paper proposes a time series anomaly detection method based on Variational AutoEncoder model(VAE) with re-Encoder and Latent Constraint network(VELC). In order to modify reconstruct ability of the model to prevent it from reconstructing abnormal samples well, we add a constraint network in the latent space of the VAE to force it generate new latent variables that are similar with that of training samples. To be able to calculate anomaly score in two feature spaces, we train a re-encoder to transform the generated data to a new latent space. For better handling the time series, we use the LSTM as the encoder and decoder part of the VAE framework. Experimental results of several benchmarks show that our method outperforms state-of-the-art anomaly detection methods.",http://arxiv.org/abs/1907.01702v2
1908.08346,LoRAS: An oversampling approach for imbalanced datasets,Saptarshi Bej; Narek Davtyan; Markus Wolfien; Mariam Nassar; Olaf Wolkenhauer,2019-08-22,class_imbalance,155,"The Synthetic Minority Oversampling TEchnique (SMOTE) is widely-used for the analysis of imbalanced datasets. It is known that SMOTE frequently over-generalizes the minority class, leading to misclassifications for the majority class, and effecting the overall balance of the model. In this article, we present an approach that overcomes this limitation of SMOTE, employing Localized Random Affine Shadowsampling (LoRAS) to oversample from an approximated data manifold of the minority class. We benchmarked our algorithm with 14 publicly available imbalanced datasets using three different Machine Learning (ML) algorithms and compared the performance of LoRAS, SMOTE and several SMOTE extensions that share the concept of using convex combinations of minority class data points for oversampling with LoRAS. We observed that LoRAS, on average generates better ML models in terms of F1-Score and Balanced accuracy. Another key observation is that while most of the extensions of SMOTE we have tested, improve the F1-Score with respect to SMOTE on an average, they compromise on the Balanced accuracy of a classification model. LoRAS on the contrary, improves both F1 Score and the Balanced accuracy thus produces better classification models. Moreover, to explain the success of the algorithm, we have constructed a mathematical framework to prove that LoRAS oversampling technique provides a better estimate for the mean of the underlying local data distribution of the minority class data space.",http://arxiv.org/abs/1908.08346v4
1908.11553,Credit Card Fraud Detection Using Autoencoder Neural Network,Junyi Zou; Jinliang Zhang; Ping Jiang,2019-08-30,class_imbalance,40,"Imbalanced data classification problem has always been a popular topic in the field of machine learning research. In order to balance the samples between majority and minority class. Oversampling algorithm is used to synthesize new minority class samples, but it could bring in noise. Pointing to the noise problems, this paper proposed a denoising autoencoder neural network (DAE) algorithm which can not only oversample minority class sample through misclassification cost, but it can denoise and classify the sampled dataset. Through experiments, compared with the denoising autoencoder neural network (DAE) with oversampling process and traditional fully connected neural networks, the results showed the proposed algorithm improves the classification accuracy of minority class of imbalanced datasets.",http://arxiv.org/abs/1908.11553v1
1909.00489,An Efficient Convolutional Neural Network for Coronary Heart Disease Prediction,Aniruddha Dutta; Tamal Batabyal; Meheli Basu; Scott T. Acton,2019-09-01,class_imbalance,230,"This study proposes an efficient neural network with convolutional layers to classify significantly class-imbalanced clinical data. The data are curated from the National Health and Nutritional Examination Survey (NHANES) with the goal of predicting the occurrence of Coronary Heart Disease (CHD). While the majority of the existing machine learning models that have been used on this class of data are vulnerable to class imbalance even after the adjustment of class-specific weights, our simple two-layer CNN exhibits resilience to the imbalance with fair harmony in class-specific performance. In order to obtain significant improvement in classification accuracy under supervised learning settings, it is a common practice to train a neural network architecture with a massive data and thereafter, test the resulting network on a comparatively smaller amount of data. However, given a highly imbalanced dataset, it is often challenging to achieve a high class 1 (true CHD prediction rate) accuracy as the testing data size increases. We adopt a two-step approach: first, we employ least absolute shrinkage and selection operator (LASSO) based feature weight assessment followed by majority-voting based identification of important features. Next, the important features are homogenized by using a fully connected layer, a crucial step before passing the output of the layer to successive convolutional stages. We also propose a training routine per epoch, akin to a simulated annealing process, to boost the classification accuracy. Despite a 35:1 (Non-CHD:CHD) ratio in the NHANES dataset, the investigation confirms that our proposed CNN architecture has the classification power of 77% to correctly classify the presence of CHD and 81.8% the absence of CHD cases on a testing data, which is 85.70% of the total dataset. ( (<1920 characters)Please check the paper for full abstract)",http://arxiv.org/abs/1909.00489v2
1909.00693,An Adjusted Nearest Neighbor Algorithm Maximizing the F-Measure from Imbalanced Data,Rémi Viola; Rémi Emonet; Amaury Habrard; Guillaume Metzler; Sébastien Riou; Marc Sebban,2019-09-02,class_imbalance,2,"In this paper, we address the challenging problem of learning from imbalanced data using a Nearest-Neighbor (NN) algorithm. In this setting, the minority examples typically belong to the class of interest requiring the optimization of specific criteria, like the F-Measure. Based on simple geometrical ideas, we introduce an algorithm that reweights the distance between a query sample and any positive training example. This leads to a modification of the Voronoi regions and thus of the decision boundaries of the NN algorithm. We provide a theoretical justification about the weighting scheme needed to reduce the False Negative rate while controlling the number of False Positives. We perform an extensive experimental study on many public imbalanced datasets, but also on large scale non public data from the French Ministry of Economy and Finance on a tax fraud detection task, showing that our method is very effective and, interestingly, yields the best performance when combined with state of the art sampling methods.",http://arxiv.org/abs/1909.00693v2
1909.01185,Towards automated feature engineering for credit card fraud detection using multi-perspective HMMs,Yvan Lucas; Pierre-Edouard Portier; Léa Laporte; Liyun He-Guelton; Olivier Caelen; Michael Granitzer; Sylvie Calabretto,2019-09-03,fraud_detection,136,"Machine learning and data mining techniques have been used extensively in order to detect credit card frauds. However, most studies consider credit card transactions as isolated events and not as a sequence of transactions. In this framework, we model a sequence of credit card transactions from three different perspectives, namely (i) The sequence contains or doesn't contain a fraud (ii) The sequence is obtained by fixing the card-holder or the payment terminal (iii) It is a sequence of spent amount or of elapsed time between the current and previous transactions. Combinations of the three binary perspectives give eight sets of sequences from the (training) set of transactions. Each one of these sequences is modelled with a Hidden Markov Model (HMM). Each HMM associates a likelihood to a transaction given its sequence of previous transactions. These likelihoods are used as additional features in a Random Forest classifier for fraud detection. Our multiple perspectives HMM-based approach offers automated feature engineering to model temporal correlations so as to improve the effectiveness of the classification task and allows for an increase in the detection of fraudulent transactions when combined with the state of the art expert based feature engineering strategy for credit card fraud detection. In extension to previous works, we show that this approach goes beyond ecommerce transactions and provides a robust feature engineering over different datasets, hyperparameters and classifiers. Moreover, we compare strategies to deal with structural missing values.",http://arxiv.org/abs/1909.01185v1
1909.01486,Minimizing the Societal Cost of Credit Card Fraud with Limited and Imbalanced Data,Samuel Showalter; Zhixin Wu,2019-09-03,class_imbalance,6,"Machine learning has automated much of financial fraud detection, notifying firms of, or even blocking, questionable transactions instantly. However, data imbalance starves traditionally trained models of the content necessary to detect fraud. This study examines three separate factors of credit card fraud detection via machine learning. First, it assesses the potential for different sampling methods, undersampling and Synthetic Minority Oversampling Technique (SMOTE), to improve algorithm performance in data-starved environments. Additionally, five industry-practical machine learning algorithms are evaluated on total fraud cost savings in addition to traditional statistical metrics. Finally, an ensemble of individual models is trained with a genetic algorithm to attempt to generate higher cost efficiency than its components. Monte Carlo performance distributions discerned random undersampling outperformed SMOTE in lowering fraud costs, and that an ensemble was unable to outperform its individual parts. Most notably,the F-1 Score, a traditional metric often used to measure performance with imbalanced data, was uncorrelated with derived cost efficiency. Assuming a realistic cost structure can be derived, cost-based metrics provide an essential supplement to objective statistical evaluation.",http://arxiv.org/abs/1909.01486v2
1910.07892,WOTBoost: Weighted Oversampling Technique in Boosting for imbalanced learning,Wenhao Zhang; Ramin Ramezani; Arash Naeim,2019-10-17,class_imbalance,27,"Machine learning classifiers often stumble over imbalanced datasets where classes are not equally represented. This inherent bias towards the majority class may result in low accuracy in labeling minority class. Imbalanced learning is prevalent in many real-world applications, such as medical research, network intrusion detection, and fraud detection in credit card transactions, etc. A good number of research works have been reported to tackle this challenging problem. For example, Synthetic Minority Over-sampling TEchnique (SMOTE) and ADAptive SYNthetic sampling approach (ADASYN) use oversampling techniques to balance the skewed datasets. In this paper, we propose a novel method that combines a Weighted Oversampling Technique and ensemble Boosting method (WOTBoost) to improve the classification accuracy of minority data without sacrificing the accuracy of the majority class. WOTBoost adjusts its oversampling strategy at each round of boosting to synthesize more targeted minority data samples. The adjustment is enforced using a weighted distribution. We compare WOTBoost with other four classification models (i.e., decision tree, SMOTE + decision tree, ADASYN + decision tree, SMOTEBoost) extensively on 18 public accessible imbalanced datasets. WOTBoost achieves the best G mean on 6 datasets and highest AUC score on 7 datasets.",http://arxiv.org/abs/1910.07892v3
1910.11299,Quick survey of graph-based fraud detection methods,Paul Irofti; Andrei Patrascu; Andra Baltoiu,2019-10-24,fraud_detection,3,"In general, anomaly detection is the problem of distinguishing between normal data samples with well defined patterns or signatures and those that do not conform to the expected profiles. Financial transactions, customer reviews, social media posts are all characterized by relational information. In these networks, fraudulent behaviour may appear as a distinctive graph edge, such as spam message, a node or a larger subgraph structure, such as when a group of clients engage in money laundering schemes. Most commonly, these networks are represented as attributed graphs, with numerical features complementing relational information. We present a survey on anomaly detection techniques used for fraud detection that exploit both the graph structure underlying the data and the contextual information contained in the attributes.",http://arxiv.org/abs/1910.11299v3
1912.02629,A Comprehensive Survey on Machine Learning Techniques and User Authentication Approaches for Credit Card Fraud Detection,Niloofar Yousefi; Marie Alaghband; Ivan Garibay,2019-12-02,fraud_detection,40,"With the increase of credit card usage, the volume of credit card misuse also has significantly increased. As a result, financial organizations are working hard on developing and deploying credit card fraud detection methods, in order to adapt to ever-evolving, increasingly sophisticated defrauding strategies and identifying illicit transactions as quickly as possible to protect themselves and their customers. Compounding on the complex nature of such adverse strategies, credit card fraudulent activities are rare events compared to the number of legitimate transactions. Hence, the challenge to develop fraud detection that are accurate and efficient is substantially intensified and, as a consequence, credit card fraud detection has lately become a very active area of research. In this work, we provide a survey of current techniques most relevant to the problem of credit card fraud detection. We carry out our survey in two main parts. In the first part,we focus on studies utilizing classical machine learning models, which mostly employ traditional transnational features to make fraud predictions. These models typically rely on some static physical characteristics, such as what the user knows (knowledge-based method), or what he/she has access to (object-based method). In the second part of our survey, we review more advanced techniques of user authentication, which use behavioral biometrics to identify an individual based on his/her unique behavior while he/she is interacting with his/her electronic devices. These approaches rely on how people behave (instead of what they do), which cannot be easily forged. By providing an overview of current approaches and the results reported in the literature, this survey aims to drive the future research agenda for the community in order to develop more accurate, reliable and scalable models of credit card fraud detection.",http://arxiv.org/abs/1912.02629v1
1912.04747,Oversampling Log Messages Using a Sequence Generative Adversarial Network for Anomaly Detection and Classification,Amir Farzad; T. Aaron Gulliver,2019-12-09,class_imbalance,8,"Dealing with imbalanced data is one of the main challenges in machine/deep learning algorithms for classification. This issue is more important with log message data as it is typically very imbalanced and negative logs are rare. In this paper, a model is proposed to generate text log messages using a SeqGAN network. Then features are extracted using an Autoencoder and anomaly detection is done using a GRU network. The proposed model is evaluated with two imbalanced log data sets, namely BGL and Openstack. Results are presented which show that oversampling and balancing data increases the accuracy of anomaly detection and classification.",http://arxiv.org/abs/1912.04747v2
2002.03665,AnomalyDAE: Dual autoencoder for anomaly detection on attributed networks,Haoyi Fan; Fengbin Zhang; Zuoyong Li,2020-02-10,anomaly_detection,265,"Anomaly detection on attributed networks aims at finding nodes whose patterns deviate significantly from the majority of reference nodes, which is pervasive in many applications such as network intrusion detection and social spammer detection. However, most existing methods neglect the complex cross-modality interactions between network structure and node attribute. In this paper, we propose a deep joint representation learning framework for anomaly detection through a dual autoencoder (AnomalyDAE), which captures the complex interactions between network structure and node attribute for high-quality embeddings. Specifically, AnomalyDAE consists of a structure autoencoder and an attribute autoencoder to learn both node embedding and attribute embedding jointly in latent space. Moreover, attention mechanism is employed in structure encoder to learn the importance between a node and its neighbors for an effective capturing of structure pattern, which is important to anomaly detection. Besides, by taking both the node embedding and attribute embedding as inputs of attribute decoder, the cross-modality interactions between network structure and node attribute are learned during the reconstruction of node attribute. Finally, anomalies can be detected by measuring the reconstruction errors of nodes from both the structure and attribute perspectives. Extensive experiments on real-world datasets demonstrate the effectiveness of the proposed method.",http://arxiv.org/abs/2002.03665v2
2002.04592,Imbalanced classification: a paradigm-based review,Yang Feng; Min Zhou; Xin Tong,2020-02-11,class_imbalance,50,"A common issue for classification in scientific research and industry is the existence of imbalanced classes. When sample sizes of different classes are imbalanced in training data, naively implementing a classification method often leads to unsatisfactory prediction results on test data. Multiple resampling techniques have been proposed to address the class imbalance issues. Yet, there is no general guidance on when to use each technique. In this article, we provide a paradigm-based review of the common resampling techniques for binary classification under imbalanced class sizes. The paradigms we consider include the classical paradigm that minimizes the overall classification error, the cost-sensitive learning paradigm that minimizes a cost-adjusted weighted type I and type II errors, and the Neyman-Pearson paradigm that minimizes the type II error subject to a type I error constraint. Under each paradigm, we investigate the combination of the resampling techniques and a few state-of-the-art classification methods. For each pair of resampling techniques and classification methods, we use simulation studies and a real data set on credit card fraud to study the performance under different evaluation metrics. From these extensive numerical experiments, we demonstrate under each classification paradigm, the complex dynamics among resampling techniques, base classification methods, evaluation metrics, and imbalance ratios. We also summarize a few takeaway messages regarding the choices of resampling techniques and base classification methods, which could be helpful for practitioners.",http://arxiv.org/abs/2002.04592v2
2002.08721,"A survey on Semi-, Self- and Unsupervised Learning for Image Classification",Lars Schmarje; Monty Santarossa; Simon-Martin Schröder; Reinhard Koch,2020-02-20,class_imbalance,191,"While deep learning strategies achieve outstanding results in computer vision tasks, one issue remains: The current strategies rely heavily on a huge amount of labeled data. In many real-world problems, it is not feasible to create such an amount of labeled training data. Therefore, it is common to incorporate unlabeled data into the training process to reach equal results with fewer labels. Due to a lot of concurrent research, it is difficult to keep track of recent developments. In this survey, we provide an overview of often used ideas and methods in image classification with fewer labels. We compare 34 methods in detail based on their performance and their commonly used ideas rather than a fine-grained taxonomy. In our analysis, we identify three major trends that lead to future research opportunities. 1. State-of-the-art methods are scaleable to real-world applications in theory but issues like class imbalance, robustness, or fuzzy labels are not considered. 2. The degree of supervision which is needed to achieve comparable results to the usage of all labels is decreasing and therefore methods need to be extended to settings with a variable number of classes. 3. All methods share some common ideas but we identify clusters of methods that do not share many ideas. We show that combining ideas from different clusters can lead to better performance.",http://arxiv.org/abs/2002.08721v5
2002.12478,Time Series Data Augmentation for Deep Learning: A Survey,Qingsong Wen; Liang Sun; Fan Yang; Xiaomin Song; Jingkun Gao; Xue Wang; Huan Xu,2020-02-27,anomaly_detection,864,"Deep learning performs remarkably well on many time series analysis tasks recently. The superior performance of deep neural networks relies heavily on a large number of training data to avoid overfitting. However, the labeled data of many real-world time series applications may be limited such as classification in medical time series and anomaly detection in AIOps. As an effective way to enhance the size and quality of the training data, data augmentation is crucial to the successful application of deep learning models on time series data. In this paper, we systematically review different data augmentation methods for time series. We propose a taxonomy for the reviewed methods, and then provide a structured review for these methods by highlighting their strengths and limitations. We also empirically compare different data augmentation methods for different tasks including time series classification, anomaly detection, and forecasting. Finally, we discuss and highlight five future directions to provide useful research guidance.",http://arxiv.org/abs/2002.12478v4
2003.01171,A Semi-supervised Graph Attentive Network for Financial Fraud Detection,Daixin Wang; Jianbin Lin; Peng Cui; Quanhui Jia; Zhen Wang; Yanming Fang; Quan Yu; Jun Zhou; Shuang Yang; Yuan Qi,2020-02-28,fraud_detection,480,"With the rapid growth of financial services, fraud detection has been a very important problem to guarantee a healthy environment for both users and providers. Conventional solutions for fraud detection mainly use some rule-based methods or distract some features manually to perform prediction. However, in financial services, users have rich interactions and they themselves always show multifaceted information. These data form a large multiview network, which is not fully exploited by conventional methods. Additionally, among the network, only very few of the users are labelled, which also poses a great challenge for only utilizing labeled data to achieve a satisfied performance on fraud detection. To address the problem, we expand the labeled data through their social relations to get the unlabeled data and propose a semi-supervised attentive graph neural network, namedSemiGNN to utilize the multi-view labeled and unlabeled data for fraud detection. Moreover, we propose a hierarchical attention mechanism to better correlate different neighbors and different views. Simultaneously, the attention mechanism can make the model interpretable and tell what are the important factors for the fraud and why the users are predicted as fraud. Experimentally, we conduct the prediction task on the users of Alipay, one of the largest third-party online and offline cashless payment platform serving more than 4 hundreds of million users in China. By utilizing the social relations and the user attributes, our method can achieve a better accuracy compared with the state-of-the-art methods on two tasks. Moreover, the interpretable results also give interesting intuitions regarding the tasks.",http://arxiv.org/abs/2003.01171v1
2003.01580,Are You an Introvert or Extrovert? Accurate Classification With Only Ten Predictors,Chaehan So,2020-02-29,class_imbalance,2,"This paper investigates how accurately the prediction of being an introvert vs. extrovert can be made with less than ten predictors. The study is based on a previous data collection of 7161 respondents of a survey on 91 personality and 3 demographic items. The results show that it is possible to effectively reduce the size of this measurement instrument from 94 to 10 features with a performance loss of only 1%, achieving an accuracy of 73.81% on unseen data. Class imbalance correction methods like SMOTE or ADASYN showed considerable improvement on the validation set but only minor performance improvement on the testing set.",http://arxiv.org/abs/2003.01580v1
2003.02833,InfDetect: a Large Scale Graph-based Fraud Detection System for E-Commerce Insurance,Cen Chen; Chen Liang; Jianbin Lin; Li Wang; Ziqi Liu; Xinxing Yang; Xiukun Wang; Jun Zhou; Yang Shuang; Yuan Qi,2020-03-05,fraud_detection,18,"The insurance industry has been creating innovative products around the emerging online shopping activities. Such e-commerce insurance is designed to protect buyers from potential risks such as impulse purchases and counterfeits. Fraudulent claims towards online insurance typically involve multiple parties such as buyers, sellers, and express companies, and they could lead to heavy financial losses. In order to uncover the relations behind organized fraudsters and detect fraudulent claims, we developed a large-scale insurance fraud detection system, i.e., InfDetect, which provides interfaces for commonly used graphs, standard data processing procedures, and a uniform graph learning platform. InfDetect is able to process big graphs containing up to 100 millions of nodes and billions of edges. In this paper, we investigate different graphs to facilitate fraudster mining, such as a device-sharing graph, a transaction graph, a friendship graph, and a buyer-seller graph. These graphs are fed to a uniform graph learning platform containing supervised and unsupervised graph learning algorithms. Cases on widely applied e-commerce insurance are described to demonstrate the usage and capability of our system. InfDetect has successfully detected thousands of fraudulent claims and saved over tens of thousands of dollars daily.",http://arxiv.org/abs/2003.02833v3
2003.06979,Anomalous Example Detection in Deep Learning: A Survey,Saikiran Bulusu; Bhavya Kailkhura; Bo Li; Pramod K. Varshney; Dawn Song,2020-03-16,anomaly_detection,48,"Deep Learning (DL) is vulnerable to out-of-distribution and adversarial examples resulting in incorrect outputs. To make DL more robust, several posthoc (or runtime) anomaly detection techniques to detect (and discard) these anomalous samples have been proposed in the recent past. This survey tries to provide a structured and comprehensive overview of the research on anomaly detection for DL based applications. We provide a taxonomy for existing techniques based on their underlying assumptions and adopted approaches. We discuss various techniques in each of the categories and provide the relative strengths and weaknesses of the approaches. Our goal in this survey is to provide an easier yet better understanding of the techniques belonging to different categories in which research has been done on this topic. Finally, we highlight the unsolved research challenges while applying anomaly detection techniques in DL systems and present some high-impact future research directions.",http://arxiv.org/abs/2003.06979v2
2003.10713,Unsupervised Anomaly Detection with Adversarial Mirrored AutoEncoders,Gowthami Somepalli; Yexin Wu; Yogesh Balaji; Bhanukiran Vinzamuri; Soheil Feizi,2020-03-24,anomaly_detection,5,"Detecting out of distribution (OOD) samples is of paramount importance in all Machine Learning applications. Deep generative modeling has emerged as a dominant paradigm to model complex data distributions without labels. However, prior work has shown that generative models tend to assign higher likelihoods to OOD samples compared to the data distribution on which they were trained. First, we propose Adversarial Mirrored Autoencoder (AMA), a variant of Adversarial Autoencoder, which uses a mirrored Wasserstein loss in the discriminator to enforce better semantic-level reconstruction. We also propose a latent space regularization to learn a compact manifold for in-distribution samples. The use of AMA produces better feature representations that improve anomaly detection performance. Second, we put forward an alternative measure of anomaly score to replace the reconstruction-based metric which has been traditionally used in generative model-based anomaly detection methods. Our method outperforms the current state-of-the-art methods for anomaly detection on several OOD detection benchmarks.",http://arxiv.org/abs/2003.10713v3
2003.11915,robROSE: A robust approach for dealing with imbalanced data in fraud detection,Bart Baesens; Sebastiaan Höppner; Irene Ortner; Tim Verdonck,2020-03-22,class_imbalance,24,"A major challenge when trying to detect fraud is that the fraudulent activities form a minority class which make up a very small proportion of the data set. In most data sets, fraud occurs in typically less than 0.5% of the cases. Detecting fraud in such a highly imbalanced data set typically leads to predictions that favor the majority group, causing fraud to remain undetected. We discuss some popular oversampling techniques that solve the problem of imbalanced data by creating synthetic samples that mimic the minority class. A frequent problem when analyzing real data is the presence of anomalies or outliers. When such atypical observations are present in the data, most oversampling techniques are prone to create synthetic samples that distort the detection algorithm and spoil the resulting analysis. A useful tool for anomaly detection is robust statistics, which aims to find the outliers by first fitting the majority of the data and then flagging data observations that deviate from it. In this paper, we present a robust version of ROSE, called robROSE, which combines several promising approaches to cope simultaneously with the problem of imbalanced data and the presence of outliers. The proposed method achieves to enhance the presence of the fraud cases while ignoring anomalies. The good performance of our new sampling technique is illustrated on simulated and real data sets and it is shown that robROSE can provide better insight in the structure of the data. The source code of the robROSE algorithm is made freely available.",http://arxiv.org/abs/2003.11915v1
2004.00433,Anomaly Detection in Univariate Time-series: A Survey on the State-of-the-Art,Mohammad Braei; Sebastian Wagner,2020-04-01,anomaly_detection,241,"Anomaly detection for time-series data has been an important research field for a long time. Seminal work on anomaly detection methods has been focussing on statistical approaches. In recent years an increasing number of machine learning algorithms have been developed to detect anomalies on time-series. Subsequently, researchers tried to improve these techniques using (deep) neural networks. In the light of the increasing number of anomaly detection methods, the body of research lacks a broad comparative evaluation of statistical, machine learning and deep learning methods. This paper studies 20 univariate anomaly detection methods from the all three categories. The evaluation is conducted on publicly available datasets, which serve as benchmarks for time-series anomaly detection. By analyzing the accuracy of each method as well as the computation time of the algorithms, we provide a thorough insight about the performance of these anomaly detection approaches, alongside some general notion of which method is suited for a certain type of data.",http://arxiv.org/abs/2004.00433v1
2004.03409,CSMOUTE: Combined Synthetic Oversampling and Undersampling Technique for Imbalanced Data Classification,Michał Koziarski,2020-04-07,class_imbalance,43,"In this paper we propose a novel data-level algorithm for handling data imbalance in the classification task, Synthetic Majority Undersampling Technique (SMUTE). SMUTE leverages the concept of interpolation of nearby instances, previously introduced in the oversampling setting in SMOTE. Furthermore, we combine both in the Combined Synthetic Oversampling and Undersampling Technique (CSMOUTE), which integrates SMOTE oversampling with SMUTE undersampling. The results of the conducted experimental study demonstrate the usefulness of both the SMUTE and the CSMOUTE algorithms, especially when combined with more complex classifiers, namely MLP and SVM, and when applied on datasets consisting of a large number of outliers. This leads us to a conclusion that the proposed approach shows promise for further extensions accommodating local data characteristics, a direction discussed in more detail in the paper.",http://arxiv.org/abs/2004.03409v2
2004.07605,Diversity-Aware Weighted Majority Vote Classifier for Imbalanced Data,Anil Goyal; Jihed Khiari,2020-04-16,class_imbalance,15,"In this paper, we propose a diversity-aware ensemble learning based algorithm, referred to as DAMVI, to deal with imbalanced binary classification tasks. Specifically, after learning base classifiers, the algorithm i) increases the weights of positive examples (minority class) which are ""hard"" to classify with uniformly weighted base classifiers; and ii) then learns weights over base classifiers by optimizing the PAC-Bayesian C-Bound that takes into account the accuracy and diversity between the classifiers. We show efficiency of the proposed approach with respect to state-of-art models on predictive maintenance task, credit card fraud detection, webpage classification and medical applications.",http://arxiv.org/abs/2004.07605v1
2004.12592,Robust Screening of COVID-19 from Chest X-ray via Discriminative Cost-Sensitive Learning,Tianyang Li; Zhongyi Han; Benzheng Wei; Yuanjie Zheng; Yanfei Hong; Jinyu Cong,2020-04-27,class_imbalance,64,"This paper addresses the new problem of automated screening of coronavirus disease 2019 (COVID-19) based on chest X-rays, which is urgently demanded toward fast stopping the pandemic. However, robust and accurate screening of COVID-19 from chest X-rays is still a globally recognized challenge because of two bottlenecks: 1) imaging features of COVID-19 share some similarities with other pneumonia on chest X-rays, and 2) the misdiagnosis rate of COVID-19 is very high, and the misdiagnosis cost is expensive. While a few pioneering works have made much progress, they underestimate both crucial bottlenecks. In this paper, we report our solution, discriminative cost-sensitive learning (DCSL), which should be the choice if the clinical needs the assisted screening of COVID-19 from chest X-rays. DCSL combines both advantages from fine-grained classification and cost-sensitive learning. Firstly, DCSL develops a conditional center loss that learns deep discriminative representation. Secondly, DCSL establishes score-level cost-sensitive learning that can adaptively enlarge the cost of misclassifying COVID-19 examples into other classes. DCSL is so flexible that it can apply in any deep neural network. We collected a large-scale multi-class dataset comprised of 2,239 chest X-ray examples: 239 examples from confirmed COVID-19 cases, 1,000 examples with confirmed bacterial or viral pneumonia cases, and 1,000 examples of healthy people. Extensive experiments on the three-class classification show that our algorithm remarkably outperforms state-of-the-art algorithms. It achieves an accuracy of 97.01%, a precision of 97%, a sensitivity of 97.09%, and an F1-score of 96.98%. These results endow our algorithm as an efficient tool for the fast large-scale screening of COVID-19.",http://arxiv.org/abs/2004.12592v2
2007.01760,Explainable Deep One-Class Classification,Philipp Liznerski; Lukas Ruff; Robert A. Vandermeulen; Billy Joe Franks; Marius Kloft; Klaus-Robert Müller,2020-07-03,anomaly_detection,255,"Deep one-class classification variants for anomaly detection learn a mapping that concentrates nominal samples in feature space causing anomalies to be mapped away. Because this transformation is highly non-linear, finding interpretations poses a significant challenge. In this paper we present an explainable deep one-class classification method, Fully Convolutional Data Description (FCDD), where the mapped samples are themselves also an explanation heatmap. FCDD yields competitive detection performance and provides reasonable explanations on common anomaly detection benchmarks with CIFAR-10 and ImageNet. On MVTec-AD, a recent manufacturing dataset offering ground-truth anomaly maps, FCDD sets a new state of the art in the unsupervised setting. Our method can incorporate ground-truth anomaly maps during training and using even a few of these (~5) improves performance significantly. Finally, using FCDD's explanations we demonstrate the vulnerability of deep one-class classification models to spurious image features such as image watermarks.",http://arxiv.org/abs/2007.01760v3
2007.02500,Deep Learning for Anomaly Detection: A Review,Guansong Pang; Chunhua Shen; Longbing Cao; Anton van den Hengel,2020-07-06,anomaly_detection,1444,"Anomaly detection, a.k.a. outlier detection or novelty detection, has been a lasting yet active research area in various research communities for several decades. There are still some unique problem complexities and challenges that require advanced approaches. In recent years, deep learning enabled anomaly detection, i.e., deep anomaly detection, has emerged as a critical direction. This paper surveys the research of deep anomaly detection with a comprehensive taxonomy, covering advancements in three high-level categories and 11 fine-grained categories of the methods. We review their key intuitions, objective functions, underlying assumptions, advantages and disadvantages, and discuss how they address the aforementioned challenges. We further discuss a set of possible future opportunities and new perspectives on addressing the challenges.",http://arxiv.org/abs/2007.02500v3
2008.04636,A Comparison of Synthetic Oversampling Methods for Multi-class Text Classification,Anna Glazkova,2020-08-11,class_imbalance,23,"The authors compared oversampling methods for the problem of multi-class topic classification. The SMOTE algorithm underlies one of the most popular oversampling methods. It consists in choosing two examples of a minority class and generating a new example based on them. In the paper, the authors compared the basic SMOTE method with its two modifications (Borderline SMOTE and ADASYN) and random oversampling technique on the example of one of text classification tasks. The paper discusses the k-nearest neighbor algorithm, the support vector machine algorithm and three types of neural networks (feedforward network, long short-term memory (LSTM) and bidirectional LSTM). The authors combine these machine learning algorithms with different text representations and compared synthetic oversampling methods. In most cases, the use of oversampling techniques can significantly improve the quality of classification. The authors conclude that for this task, the quality of the KNN and SVM algorithms is more influenced by class imbalance than neural networks.",http://arxiv.org/abs/2008.04636v1
2008.09202,Conditional Wasserstein GAN-based Oversampling of Tabular Data for Imbalanced Learning,Justin Engelmann; Stefan Lessmann,2020-08-20,class_imbalance,323,"Class imbalance is a common problem in supervised learning and impedes the predictive performance of classification models. Popular countermeasures include oversampling the minority class. Standard methods like SMOTE rely on finding nearest neighbours and linear interpolations which are problematic in case of high-dimensional, complex data distributions. Generative Adversarial Networks (GANs) have been proposed as an alternative method for generating artificial minority examples as they can model complex distributions. However, prior research on GAN-based oversampling does not incorporate recent advancements from the literature on generating realistic tabular data with GANs. Previous studies also focus on numerical variables whereas categorical features are common in many business applications of classification methods such as credit scoring. The paper propoes an oversampling method based on a conditional Wasserstein GAN that can effectively model tabular datasets with numerical and categorical variables and pays special attention to the down-stream classification task through an auxiliary classifier loss. We benchmark our method against standard oversampling methods and the imbalanced baseline on seven real-world datasets. Empirical results evidence the competitiveness of GAN-based oversampling.",http://arxiv.org/abs/2008.09202v1
2009.10343,Gamma distribution-based sampling for imbalanced data,Firuz Kamalov; Dmitry Denisov,2020-09-22,class_imbalance,49,"Imbalanced class distribution is a common problem in a number of fields including medical diagnostics, fraud detection, and others. It causes bias in classification algorithms leading to poor performance on the minority class data. In this paper, we propose a novel method for balancing the class distribution in data through intelligent resampling of the minority class instances. The proposed method is based on generating new minority instances in the neighborhood of the existing minority points via a gamma distribution. Our method offers a natural and coherent approach to balancing the data. We conduct a comprehensive numerical analysis of the new sampling technique. The experimental results show that the proposed method outperforms the existing state-of-the-art methods for imbalanced data. Concretely, the new sampling technique produces the best results on 12 out of 24 real life as well as synthetic datasets. For comparison, the SMOTE method achieves the top score on only 1 dataset. We conclude that the new technique offers a simple yet effective sampling approach to balance data.",http://arxiv.org/abs/2009.10343v1
2009.13807,Current Time Series Anomaly Detection Benchmarks are Flawed and are Creating the Illusion of Progress,Renjie Wu; Eamonn J. Keogh,2020-09-29,anomaly_detection,335,"Time series anomaly detection has been a perennially important topic in data science, with papers dating back to the 1950s. However, in recent years there has been an explosion of interest in this topic, much of it driven by the success of deep learning in other domains and for other time series tasks. Most of these papers test on one or more of a handful of popular benchmark datasets, created by Yahoo, Numenta, NASA, etc. In this work we make a surprising claim. The majority of the individual exemplars in these datasets suffer from one or more of four flaws. Because of these four flaws, we believe that many published comparisons of anomaly detection algorithms may be unreliable, and more importantly, much of the apparent progress in recent years may be illusionary. In addition to demonstrating these claims, with this paper we introduce the UCR Time Series Anomaly Archive. We believe that this resource will perform a similar role as the UCR Time Series Classification Archive, by providing the community with a benchmark that allows meaningful comparisons between approaches and a meaningful gauge of overall progress.",http://arxiv.org/abs/2009.13807v5
2009.14146,A Survey on Deep Learning Techniques for Video Anomaly Detection,Jessie James P. Suarez; Prospero C. Naval,2020-09-29,anomaly_detection,40,"Anomaly detection in videos is a problem that has been studied for more than a decade. This area has piqued the interest of researchers due to its wide applicability. Because of this, there has been a wide array of approaches that have been proposed throughout the years and these approaches range from statistical-based approaches to machine learning-based approaches. Numerous surveys have already been conducted on this area but this paper focuses on providing an overview on the recent advances in the field of anomaly detection using Deep Learning. Deep Learning has been applied successfully in many fields of artificial intelligence such as computer vision, natural language processing and more. This survey, however, focuses on how Deep Learning has improved and provided more insights to the area of video anomaly detection. This paper provides a categorization of the different Deep Learning approaches with respect to their objectives. Additionally, it also discusses the commonly used datasets along with the common evaluation metrics. Afterwards, a discussion synthesizing all of the recent approaches is made to provide direction and possible areas for future research.",http://arxiv.org/abs/2009.14146v1
2010.03207,"Deep learning models for predictive maintenance: a survey, comparison, challenges and prospect",Oscar Serradilla; Ekhi Zugasti; Urko Zurutuza,2020-10-07,anomaly_detection,32,"Given the growing amount of industrial data spaces worldwide, deep learning solutions have become popular for predictive maintenance, which monitor assets to optimise maintenance tasks. Choosing the most suitable architecture for each use-case is complex given the number of examples found in literature. This work aims at facilitating this task by reviewing state-of-the-art deep learning architectures, and how they integrate with predictive maintenance stages to meet industrial companies' requirements (i.e. anomaly detection, root cause analysis, remaining useful life estimation). They are categorised and compared in industrial applications, explaining how to fill their gaps. Finally, open challenges and future research paths are presented.",http://arxiv.org/abs/2010.03207v1
2010.06479,Credit card fraud detection using machine learning: A survey,Yvan Lucas; Johannes Jurgovsky,2020-10-13,fraud_detection,56,"Credit card fraud has emerged as major problem in the electronic payment sector. In this survey, we study data-driven credit card fraud detection particularities and several machine learning methods to address each of its intricate challenges with the goal to identify fraudulent transactions that have been issued illegitimately on behalf of the rightful card owner. In particular, we first characterize a typical credit card detection task: the dataset and its attributes, the metric choice along with some methods to handle such unbalanced datasets. These questions are the entry point of every credit card fraud detection problem. Then we focus on dataset shift (sometimes called concept drift), which refers to the fact that the underlying distribution generating the dataset evolves over times: For example, card holders may change their buying habits over seasons and fraudsters may adapt their strategies. This phenomenon may hinder the usage of machine learning methods for real world datasets such as credit card transactions datasets. Afterwards we highlights different approaches used in order to capture the sequential properties of credit card transactions. These approaches range from feature engineering techniques (transactions aggregations for example) to proper sequence modeling methods such as recurrent neural networks (LSTM) or graphical models (hidden markov models).",http://arxiv.org/abs/2010.06479v1
2010.15949,Graph Regularized Autoencoder and its Application in Unsupervised Anomaly Detection,Imtiaz Ahmed; Travis Galoppo; Xia Hu; Yu Ding,2020-10-29,anomaly_detection,45,"Dimensionality reduction is a crucial first step for many unsupervised learning tasks including anomaly detection and clustering. Autoencoder is a popular mechanism to accomplish dimensionality reduction. In order to make dimensionality reduction effective for high-dimensional data embedding nonlinear low-dimensional manifold, it is understood that some sort of geodesic distance metric should be used to discriminate the data samples. Inspired by the success of geodesic distance approximators such as ISOMAP, we propose to use a minimum spanning tree (MST), a graph-based algorithm, to approximate the local neighborhood structure and generate structure-preserving distances among data points. We use this MST-based distance metric to replace the Euclidean distance metric in the embedding function of autoencoders and develop a new graph regularized autoencoder, which outperforms a wide range of alternative methods over 20 benchmark anomaly detection datasets. We further incorporate the MST regularizer into two generative adversarial networks and find that using the MST regularizer improves the performance of anomaly detection substantially for both generative adversarial networks. We also test our MST regularized autoencoder on two datasets in a clustering application and witness its superior performance as well.",http://arxiv.org/abs/2010.15949v2
2011.07640,Precision-Recall Curve (PRC) Classification Trees,Jiaju Miao; Wei Zhu,2020-11-15,class_imbalance,229,"The classification of imbalanced data has presented a significant challenge for most well-known classification algorithms that were often designed for data with relatively balanced class distributions. Nevertheless skewed class distribution is a common feature in real world problems. It is especially prevalent in certain application domains with great need for machine learning and better predictive analysis such as disease diagnosis, fraud detection, bankruptcy prediction, and suspect identification. In this paper, we propose a novel tree-based algorithm based on the area under the precision-recall curve (AUPRC) for variable selection in the classification context. Our algorithm, named as the ""Precision-Recall Curve classification tree"", or simply the ""PRC classification tree"" modifies two crucial stages in tree building. The first stage is to maximize the area under the precision-recall curve in node variable selection. The second stage is to maximize the harmonic mean of recall and precision (F-measure) for threshold selection. We found the proposed PRC classification tree, and its subsequent extension, the PRC random forest, work well especially for class-imbalanced data sets. We have demonstrated that our methods outperform their classic counterparts, the usual CART and random forest for both synthetic and real data. Furthermore, the ROC classification tree proposed by our group previously has shown good performance in imbalanced data. The combination of them, the PRC-ROC tree, also shows great promise in identifying the minority class.",http://arxiv.org/abs/2011.07640v1
2012.02364,Deep Learning for Medical Anomaly Detection -- A Survey,Tharindu Fernando; Harshala Gammulle; Simon Denman; Sridha Sridharan; Clinton Fookes,2020-12-04,anomaly_detection,442,"Machine learning-based medical anomaly detection is an important problem that has been extensively studied. Numerous approaches have been proposed across various medical application domains and we observe several similarities across these distinct applications. Despite this comparability, we observe a lack of structured organisation of these diverse research applications such that their advantages and limitations can be studied. The principal aim of this survey is to provide a thorough theoretical analysis of popular deep learning techniques in medical anomaly detection. In particular, we contribute a coherent and systematic review of state-of-the-art techniques, comparing and contrasting their architectural differences as well as training algorithms. Furthermore, we provide a comprehensive overview of deep model interpretation strategies that can be used to interpret model decisions. In addition, we outline the key limitations of existing deep medical anomaly detection techniques and propose key research directions for further investigation.",http://arxiv.org/abs/2012.02364v2
2012.03754,Deep Learning Methods for Credit Card Fraud Detection,Thanh Thi Nguyen; Hammad Tahir; Mohamed Abdelrazek; Ali Babar,2020-12-07,fraud_detection,72,"Credit card frauds are at an ever-increasing rate and have become a major problem in the financial sector. Because of these frauds, card users are hesitant in making purchases and both the merchants and financial institutions bear heavy losses. Some major challenges in credit card frauds involve the availability of public data, high class imbalance in data, changing nature of frauds and the high number of false alarms. Machine learning techniques have been used to detect credit card frauds but no fraud detection systems have been able to offer great efficiency to date. Recent development of deep learning has been applied to solve complex problems in various areas. This paper presents a thorough study of deep learning methods for the credit card fraud detection problem and compare their performance with various machine learning algorithms on three different financial datasets. Experimental results show great performance of the proposed deep learning methods against traditional machine learning models and imply that the proposed approaches can be implemented effectively for real-world credit card fraud detection systems.",http://arxiv.org/abs/2012.03754v1
2012.11743,Cost-sensitive Semi-supervised Classification for Fraud Applications,Sulaf Elshaar; Samira Sadaoui,2020-12-21,class_imbalance,6,"This research explores Cost-Sensitive Learning (CSL) in the fraud detection domain to decrease the fraud class's incorrect predictions and increase its accuracy. Notably, we concentrate on shill bidding fraud that is challenging to detect because the behavior of shill and legitimate bidders are similar. We investigate CSL within the Semi-Supervised Classification (SSC) framework to address the scarcity of labeled fraud data. Our paper is the first attempt to integrate CSL with SSC for fraud detection. We adopt a meta-CSL approach to manage the costs of misclassification errors, while SSC algorithms are trained with imbalanced data. Using an actual shill bidding dataset, we assess the performance of several hybrid models of CSL and SSC and then compare their misclassification error and accuracy rates statistically. The most efficient CSL+SSC model was able to detect 99% of fraudsters and with the lowest total cost.",http://arxiv.org/abs/2012.11743v1
2012.11870,A Survey of Methods for Managing the Classification and Solution of Data Imbalance Problem,Khan Md. Hasib; Md. Sadiq Iqbal; Faisal Muhammad Shah; Jubayer Al Mahmud; Mahmudul Hasan Popel; Md. Imran Hossain Showrov; Shakil Ahmed; Obaidur Rahman,2020-12-22,class_imbalance,136,"The problem of class imbalance is extensive for focusing on numerous applications in the real world. In such a situation, nearly all of the examples are labeled as one class called majority class, while far fewer examples are labeled as the other class usually, the more important class is called minority. Over the last few years, several types of research have been carried out on the issue of class imbalance, including data sampling, cost-sensitive analysis, Genetic Programming based models, bagging, boosting, etc. Nevertheless, in this survey paper, we enlisted the 24 related studies in the years 2003, 2008, 2010, 2012 and 2014 to 2019, focusing on the architecture of single, hybrid, and ensemble method design to understand the current status of improving classification output in machine learning techniques to fix problems with class imbalances. This survey paper also includes a statistical analysis of the classification algorithms under various methods and several other experimental conditions, as well as datasets used in different research papers.",http://arxiv.org/abs/2012.11870v1
2012.12111,MOCCA: Multi-Layer One-Class ClassificAtion for Anomaly Detection,Fabio Valerio Massoli; Fabrizio Falchi; Alperen Kantarci; Şeymanur Akti; Hazim Kemal Ekenel; Giuseppe Amato,2020-12-09,anomaly_detection,96,"Anomalies are ubiquitous in all scientific fields and can express an unexpected event due to incomplete knowledge about the data distribution or an unknown process that suddenly comes into play and distorts observations. Due to such events' rarity, to train deep learning models on the Anomaly Detection (AD) task, scientists only rely on ""normal"" data, i.e., non-anomalous samples. Thus, letting the neural network infer the distribution beneath the input data. In such a context, we propose a novel framework, named Multi-layer One-Class ClassificAtion (MOCCA),to train and test deep learning models on the AD task. Specifically, we applied it to autoencoders. A key novelty in our work stems from the explicit optimization of intermediate representations for the AD task. Indeed, differently from commonly used approaches that consider a neural network as a single computational block, i.e., using the output of the last layer only, MOCCA explicitly leverages the multi-layer structure of deep architectures. Each layer's feature space is optimized for AD during training, while in the test phase, the deep representations extracted from the trained layers are combined to detect anomalies. With MOCCA, we split the training process into two steps. First, the autoencoder is trained on the reconstruction task only. Then, we only retain the encoder tasked with minimizing the L_2 distance between the output representation and a reference point, the anomaly-free training data centroid, at each considered layer. Subsequently, we combine the deep features extracted at the various trained layers of the encoder model to detect anomalies at inference time. To assess the performance of the models trained with MOCCA, we conduct extensive experiments on publicly available datasets. We show that our proposed method reaches comparable or superior performance to state-of-the-art approaches available in the literature.",http://arxiv.org/abs/2012.12111v4
2101.04053,Anomaly Detection for Aggregated Data Using Multi-Graph Autoencoder,Tomer Meirman; Roni Stern; Gilad Katz,2021-01-11,anomaly_detection,1,"In data systems, activities or events are continuously collected in the field to trace their proper executions. Logging, which means recording sequences of events, can be used for analyzing system failures and malfunctions, and identifying the causes and locations of such issues. In our research we focus on creating an Anomaly detection models for system logs. The task of anomaly detection is identifying unexpected events in dataset, which differ from the normal behavior. Anomaly detection models also assist in data systems analysis tasks. Modern systems may produce such a large amount of events monitoring every individual event is not feasible. In such cases, the events are often aggregated over a fixed period of time, reporting the number of times every event has occurred in that time period. This aggregation facilitates scaling, but requires a different approach for anomaly detection. In this research, we present a thorough analysis of the aggregated data and the relationships between aggregated events. Based on the initial phase of our research we present graphs representations of our aggregated dataset, which represent the different relationships between aggregated instances in the same context. Using the graph representation, we propose Multiple-graphs autoencoder MGAE, a novel convolutional graphs-autoencoder model which exploits the relationships of the aggregated instances in our unique dataset. MGAE outperforms standard graph-autoencoder models and the different experiments. With our novel MGAE we present 60% decrease in reconstruction error in comparison to standard graph autoencoder, which is expressed in reconstructing high-degree relationships.",http://arxiv.org/abs/2101.04053v3
2101.08030,Adversarial Attacks for Tabular Data: Application to Fraud Detection and Imbalanced Data,Francesco Cartella; Orlando Anunciacao; Yuki Funabiki; Daisuke Yamaguchi; Toru Akishita; Olivier Elshocht,2021-01-20,class_imbalance,103,"Guaranteeing the security of transactional systems is a crucial priority of all institutions that process transactions, in order to protect their businesses against cyberattacks and fraudulent attempts. Adversarial attacks are novel techniques that, other than being proven to be effective to fool image classification models, can also be applied to tabular data. Adversarial attacks aim at producing adversarial examples, in other words, slightly modified inputs that induce the Artificial Intelligence (AI) system to return incorrect outputs that are advantageous for the attacker. In this paper we illustrate a novel approach to modify and adapt state-of-the-art algorithms to imbalanced tabular data, in the context of fraud detection. Experimental results show that the proposed modifications lead to a perfect attack success rate, obtaining adversarial examples that are also less perceptible when analyzed by humans. Moreover, when applied to a real-world production system, the proposed techniques shows the possibility of posing a serious threat to the robustness of advanced AI-based fraud detection procedures.",http://arxiv.org/abs/2101.08030v1
2102.10978,Markov model with machine learning integration for fraud detection in health insurance,Rohan Yashraj Gupta; Satya Sai Mudigonda; Pallav Kumar Baruah; Phani Krishna Kandala,2021-02-11,fraud_detection,6,"Fraud has led to a huge addition of expenses in health insurance sector in India. The work is aimed to provide methods applied to health insurance fraud detection. The work presents two approaches - a markov model and an improved markov model using gradient boosting method in health insurance claims. The dataset 382,587 claims of which 38,082 claims are fraudulent. The markov based model gave the accuracy of 94.07% with F1-score at 0.6683. However, the improved markov model performed much better in comparison with the accuracy of 97.10% and F1-score of 0.8546. It was observed that the improved markov model gave much lower false positives compared to markov model.",http://arxiv.org/abs/2102.10978v1
2104.00543,RLAD: Time Series Anomaly Detection through Reinforcement Learning and Active Learning,Tong Wu; Jorge Ortiz,2021-03-31,anomaly_detection,35,"We introduce a new semi-supervised, time series anomaly detection algorithm that uses deep reinforcement learning (DRL) and active learning to efficiently learn and adapt to anomalies in real-world time series data. Our model - called RLAD - makes no assumption about the underlying mechanism that produces the observation sequence and continuously adapts the detection model based on experience with anomalous patterns. In addition, it requires no manual tuning of parameters and outperforms all state-of-art methods we compare with, both unsupervised and semi-supervised, across several figures of merit. More specifically, we outperform the best unsupervised approach by a factor of 1.58 on the F1 score, with only 1% of labels and up to around 4.4x on another real-world dataset with only 0.1% of labels. We compare RLAD with seven deep-learning based algorithms across two common anomaly detection datasets with up to around 3M data points and between 0.28% to 2.65% anomalies.We outperform all of them across several important performance metrics.",http://arxiv.org/abs/2104.00543v1
2104.01789,Deep Learning-Based Autonomous Driving Systems: A Survey of Attacks and Defenses,Yao Deng; Tiehua Zhang; Guannan Lou; Xi Zheng; Jiong Jin; Qing-Long Han,2021-04-05,anomaly_detection,165,"The rapid development of artificial intelligence, especially deep learning technology, has advanced autonomous driving systems (ADSs) by providing precise control decisions to counterpart almost any driving event, spanning from anti-fatigue safe driving to intelligent route planning. However, ADSs are still plagued by increasing threats from different attacks, which could be categorized into physical attacks, cyberattacks and learning-based adversarial attacks. Inevitably, the safety and security of deep learning-based autonomous driving are severely challenged by these attacks, from which the countermeasures should be analyzed and studied comprehensively to mitigate all potential risks. This survey provides a thorough analysis of different attacks that may jeopardize ADSs, as well as the corresponding state-of-the-art defense mechanisms. The analysis is unrolled by taking an in-depth overview of each step in the ADS workflow, covering adversarial attacks for various deep learning models and attacks in both physical and cyber context. Furthermore, some promising research directions are suggested in order to improve deep learning-based autonomous driving safety, including model robustness training, model testing and verification, and anomaly detection based on cloud/edge servers.",http://arxiv.org/abs/2104.01789v2
2104.09051,Autoencoders for unsupervised anomaly detection in high energy physics,Thorben Finke; Michael Krämer; Alessandro Morandini; Alexander Mück; Ivan Oleksiyuk,2021-04-19,anomaly_detection,114,"Autoencoders are widely used in machine learning applications, in particular for anomaly detection. Hence, they have been introduced in high energy physics as a promising tool for model-independent new physics searches. We scrutinize the usage of autoencoders for unsupervised anomaly detection based on reconstruction loss to show their capabilities, but also their limitations. As a particle physics benchmark scenario, we study the tagging of top jet images in a background of QCD jet images. Although we reproduce the positive results from the literature, we show that the standard autoencoder setup cannot be considered as a model-independent anomaly tagger by inverting the task: due to the sparsity and the specific structure of the jet images, the autoencoder fails to tag QCD jets if it is trained on top jets even in a semi-supervised setup. Since the same autoencoder architecture can be a good tagger for a specific example of an anomaly and a bad tagger for a different example, we suggest improved performance measures for the task of model-independent anomaly detection. We also improve the capability of the autoencoder to learn non-trivial features of the jet images, such that it is able to achieve both top jet tagging and the inverse task of QCD jet tagging with the same setup. However, we want to stress that a truly model-independent and powerful autoencoder-based unsupervised jet tagger still needs to be developed.",http://arxiv.org/abs/2104.09051v1
2105.03855,GMOTE: Gaussian based minority oversampling technique for imbalanced classification adapting tail probability of outliers,Seung Jee Yang; Kyung Joon Cha,2021-05-09,class_imbalance,1,"Classification of imbalanced data is one of the common problems in the recent field of data mining. Imbalanced data substantially affects the performance of standard classification models. Data-level approaches mainly use the oversampling methods to solve the problem, such as synthetic minority oversampling Technique (SMOTE). However, since the methods such as SMOTE generate instances by linear interpolation, synthetic data space may look like a polygonal. Also, the oversampling methods generate outliers of the minority class. In this paper, we proposed Gaussian based minority oversampling technique (GMOTE) with a statistical perspective for imbalanced datasets. To avoid linear interpolation and to consider outliers, this proposed method generates instances by the Gaussian Mixture Model. Motivated by clustering-based multivariate Gaussian outlier score (CMGOS), we propose to adapt tail probability of instances through the Mahalanobis distance to consider local outliers. The experiment was carried out on a representative set of benchmark datasets. The performance of the GMOTE is compared with other methods such as SMOTE. When the GMOTE is combined with classification and regression tree (CART) or support vector machine (SVM), it shows better accuracy and F1-Score. Experimental results demonstrate the robust performance.",http://arxiv.org/abs/2105.03855v1
2105.14969,OCT-GAN: Neural ODE-based Conditional Tabular GANs,Jayoung Kim; Jinsung Jeon; Jaehoon Lee; Jihyeon Hyeong; Noseong Park,2021-05-31,fraud_detection,56,"Synthesizing tabular data is attracting much attention these days for various purposes. With sophisticate synthetic data, for instance, one can augment its training data. For the past couple of years, tabular data synthesis techniques have been greatly improved. Recent work made progress to address many problems in synthesizing tabular data, such as the imbalanced distribution and multimodality problems. However, the data utility of state-of-the-art methods is not satisfactory yet. In this work, we significantly improve the utility by designing our generator and discriminator based on neural ordinary differential equations (NODEs). After showing that NODEs have theoretically preferred characteristics for generating tabular data, we introduce our designs. The NODE-based discriminator performs a hidden vector evolution trajectory-based classification rather than classifying with a hidden vector at the last layer only. Our generator also adopts an ODE layer at the very beginning of its architecture to transform its initial input vector (i.e., the concatenation of a noisy vector and a condition vector in our case) onto another latent vector space suitable for the generation process. We conduct experiments with 13 datasets, including but not limited to insurance fraud detection, online news article prediction, and so on, and our presented method outperforms other state-of-the-art tabular data synthesis methods in many cases of our classification, regression, and clustering experiments.",http://arxiv.org/abs/2105.14969v1
2106.07178,A Comprehensive Survey on Graph Anomaly Detection with Deep Learning,Xiaoxiao Ma; Jia Wu; Shan Xue; Jian Yang; Chuan Zhou; Quan Z. Sheng; Hui Xiong; Leman Akoglu,2021-06-14,anomaly_detection,862,"Anomalies represent rare observations (e.g., data records or events) that deviate significantly from others. Over several decades, research on anomaly mining has received increasing interests due to the implications of these occurrences in a wide range of disciplines. Anomaly detection, which aims to identify rare observations, is among the most vital tasks in the world, and has shown its power in preventing detrimental events, such as financial fraud, network intrusion, and social spam. The detection task is typically solved by identifying outlying data points in the feature space and inherently overlooks the relational information in real-world data. Graphs have been prevalently used to represent the structural information, which raises the graph anomaly detection problem - identifying anomalous graph objects (i.e., nodes, edges and sub-graphs) in a single graph, or anomalous graphs in a database/set of graphs. However, conventional anomaly detection techniques cannot tackle this problem well because of the complexity of graph data. For the advent of deep learning, graph anomaly detection with deep learning has received a growing attention recently. In this survey, we aim to provide a systematic and comprehensive review of the contemporary deep learning techniques for graph anomaly detection. We compile open-sourced implementations, public datasets, and commonly-used evaluation metrics to provide affluent resources for future studies. More importantly, we highlight twelve extensive future research directions according to our survey results covering unsolved and emerging research problems and real-world applications. With this survey, our goal is to create a ""one-stop-shop"" that provides a unified understanding of the problem categories and existing approaches, publicly available hands-on resources, and high-impact open challenges for graph anomaly detection using deep learning.",http://arxiv.org/abs/2106.07178v5
2106.09643,MetaBalance: High-Performance Neural Networks for Class-Imbalanced Data,Arpit Bansal; Micah Goldblum; Valeriia Cherepanova; Avi Schwarzschild; C. Bayan Bruss; Tom Goldstein,2021-06-17,class_imbalance,9,"Class-imbalanced data, in which some classes contain far more samples than others, is ubiquitous in real-world applications. Standard techniques for handling class-imbalance usually work by training on a re-weighted loss or on re-balanced data. Unfortunately, training overparameterized neural networks on such objectives causes rapid memorization of minority class data. To avoid this trap, we harness meta-learning, which uses both an ''outer-loop'' and an ''inner-loop'' loss, each of which may be balanced using different strategies. We evaluate our method, MetaBalance, on image classification, credit-card fraud detection, loan default prediction, and facial recognition tasks with severely imbalanced data, and we find that MetaBalance outperforms a wide array of popular re-sampling strategies.",http://arxiv.org/abs/2106.09643v1
2107.07349,A multi-schematic classifier-independent oversampling approach for imbalanced datasets,Saptarshi Bej; Kristian Schultz; Prashant Srivastava; Markus Wolfien; Olaf Wolkenhauer,2021-07-15,class_imbalance,26,"Over 85 oversampling algorithms, mostly extensions of the SMOTE algorithm, have been built over the past two decades, to solve the problem of imbalanced datasets. However, it has been evident from previous studies that different oversampling algorithms have different degrees of efficiency with different classifiers. With numerous algorithms available, it is difficult to decide on an oversampling algorithm for a chosen classifier. Here, we overcome this problem with a multi-schematic and classifier-independent oversampling approach: ProWRAS(Proximity Weighted Random Affine Shadowsampling). ProWRAS integrates the Localized Random Affine Shadowsampling (LoRAS)algorithm and the Proximity Weighted Synthetic oversampling (ProWSyn) algorithm. By controlling the variance of the synthetic samples, as well as a proximity-weighted clustering system of the minority classdata, the ProWRAS algorithm improves performance, compared to algorithms that generate synthetic samples through modelling high dimensional convex spaces of the minority class. ProWRAS has four oversampling schemes, each of which has its unique way to model the variance of the generated data. Most importantly, the performance of ProWRAS with proper choice of oversampling schemes, is independent of the classifier used. We have benchmarked our newly developed ProWRAS algorithm against five sate-of-the-art oversampling models and four different classifiers on 20 publicly available datasets. ProWRAS outperforms other oversampling algorithms in a statistically significant way, in terms of both F1-score and Kappa-score. Moreover, we have introduced a novel measure for classifier independence I-score, and showed quantitatively that ProWRAS performs better, independent of the classifier used. In practice, ProWRAS customizes synthetic sample generation according to a classifier of choice and thereby reduces benchmarking efforts.",http://arxiv.org/abs/2107.07349v1
2107.08790,Anomaly Detection Based on Multiple-Hypothesis Autoencoder,JoonSung Lee; YeongHyeon Park,2021-07-07,anomaly_detection,1,"Recently Autoencoder(AE) based models are widely used in the field of anomaly detection. A model trained with normal data generates a larger restoration error for abnormal data. Whether or not abnormal data is determined by observing the restoration error. It takes a lot of cost and time to obtain abnormal data in the industrial field. Therefore the model trains only normal data and detects abnormal data in the inference phase. However, the restoration area for the input data of AE is limited in the latent space. To solve this problem, we propose Multiple-hypothesis Autoencoder(MH-AE) model composed of several decoders. MH-AE model increases the restoration area through contention between decoders. The proposed method shows that the anomaly detection performance is improved compared to the traditional AE for various input datasets.",http://arxiv.org/abs/2107.08790v1
2107.13508,Uncertainty-Aware Credit Card Fraud Detection Using Deep Learning,Maryam Habibpour; Hassan Gharoun; Mohammadreza Mehdipour; AmirReza Tajally; Hamzeh Asgharnezhad; Afshar Shamsi; Abbas Khosravi; Miadreza Shafie-Khah; Saeid Nahavandi; Joao P. S. Catalao,2021-07-28,fraud_detection,82,"Countless research works of deep neural networks (DNNs) in the task of credit card fraud detection have focused on improving the accuracy of point predictions and mitigating unwanted biases by building different network architectures or learning models. Quantifying uncertainty accompanied by point estimation is essential because it mitigates model unfairness and permits practitioners to develop trustworthy systems which abstain from suboptimal decisions due to low confidence. Explicitly, assessing uncertainties associated with DNNs predictions is critical in real-world card fraud detection settings for characteristic reasons, including (a) fraudsters constantly change their strategies, and accordingly, DNNs encounter observations that are not generated by the same process as the training distribution, (b) owing to the time-consuming process, very few transactions are timely checked by professional experts to update DNNs. Therefore, this study proposes three uncertainty quantification (UQ) techniques named Monte Carlo dropout, ensemble, and ensemble Monte Carlo dropout for card fraud detection applied on transaction data. Moreover, to evaluate the predictive uncertainty estimates, UQ confusion matrix and several performance metrics are utilized. Through experimental results, we show that the ensemble is more effective in capturing uncertainty corresponding to generated predictions. Additionally, we demonstrate that the proposed UQ methods provide extra insight to the point predictions, leading to elevate the fraud prevention process.",http://arxiv.org/abs/2107.13508v1
2108.02501,Locally Interpretable One-Class Anomaly Detection for Credit Card Fraud Detection,Tungyu Wu; Youting Wang,2021-08-05,fraud_detection,35,"For the highly imbalanced credit card fraud detection problem, most existing methods either use data augmentation methods or conventional machine learning models, while neural network-based anomaly detection approaches are lacking. Furthermore, few studies have employed AI interpretability tools to investigate the feature importance of transaction data, which is crucial for the black-box fraud detection module. Considering these two points together, we propose a novel anomaly detection framework for credit card fraud detection as well as a model-explaining module responsible for prediction explanations. The fraud detection model is composed of two deep neural networks, which are trained in an unsupervised and adversarial manner. Precisely, the generator is an AutoEncoder aiming to reconstruct genuine transaction data, while the discriminator is a fully-connected network for fraud detection. The explanation module has three white-box explainers in charge of interpretations of the AutoEncoder, discriminator, and the whole detection model, respectively. Experimental results show the state-of-the-art performances of our fraud detection model on the benchmark dataset compared with baselines. In addition, prediction analyses by three explainers are presented, offering a clear perspective on how each feature of an instance of interest contributes to the final model output.",http://arxiv.org/abs/2108.02501v3
2108.03585,Ensemble neuroevolution based approach for multivariate time series anomaly detection,Kamil Faber; Dominik Żurek; Marcin Pietroń; Kamil Piętak,2021-08-08,anomaly_detection,28,"Multivariate time series anomaly detection is a very common problem in the field of failure prevention. Fast prevention means lower repair costs and losses. The amount of sensors in novel industry systems makes the anomaly detection process quite difficult for humans. Algorithms which automates the process of detecting anomalies are crucial in modern failure-prevention systems. Therefore, many machine and deep learning models have been designed to address this problem. Mostly, they are autoencoder-based architectures with some generative adversarial elements. In this work, a framework is shown which incorporates neuroevolution methods to boost the anomaly-detection scores of new and already known models. The presented approach adapts evolution strategies for evolving ensemble model, in which every single model works on a subgroup of data sensors. The next goal of neuroevolution is to optimise architecture and hyperparameters like window size, the number of layers, layer depths, etc. The proposed framework shows that it is possible to boost most of the anomaly detection deep learning models in a reasonable time and a fully automated mode. The tests were run on SWAT and WADI datasets. To our knowledge, this is the first approach in which an ensemble deep learning anomaly detection model is built in a fully automatic way using a neuroevolution strategy.",http://arxiv.org/abs/2108.03585v1
2110.13101,Latent-Insensitive autoencoders for Anomaly Detection,Muhammad S. Battikh; Artem A. Lenskiy,2021-10-25,anomaly_detection,7,"Reconstruction-based approaches to anomaly detection tend to fall short when applied to complex datasets with target classes that possess high inter-class variance. Similar to the idea of self-taught learning used in transfer learning, many domains are rich with similar unlabelled datasets that could be leveraged as a proxy for out-of-distribution samples. In this paper we introduce Latent-Insensitive autoencoder (LIS-AE) where unlabeled data from a similar domain is utilized as negative examples to shape the latent layer (bottleneck) of a regular autoencoder such that it is only capable of reconstructing one task. We provide theoretical justification for the proposed training process and loss functions along with an extensive ablation study highlighting important aspects of our model. We test our model in multiple anomaly detection settings presenting quantitative and qualitative analysis showcasing the significant performance improvement of our model for anomaly detection tasks.",http://arxiv.org/abs/2110.13101v2
2111.04597,Neyman-Pearson Multi-class Classification via Cost-sensitive Learning,Ye Tian; Yang Feng,2021-11-08,class_imbalance,12,"Most existing classification methods aim to minimize the overall misclassification error rate. However, in applications such as loan default prediction, different types of errors can have varying consequences. To address this asymmetry issue, two popular paradigms have been developed: the Neyman-Pearson (NP) paradigm and the cost-sensitive (CS) paradigm. Previous studies on the NP paradigm have primarily focused on the binary case, while the multi-class NP problem poses a greater challenge due to its unknown feasibility. In this work, we tackle the multi-class NP problem by establishing a connection with the CS problem via strong duality and propose two algorithms. We extend the concept of NP oracle inequalities, crucial in binary classifications, to NP oracle properties in the multi-class context. Our algorithms satisfy these NP oracle properties under certain conditions. Furthermore, we develop practical algorithms to assess the feasibility and strong duality in multi-class NP problems, which can offer practitioners the landscape of a multi-class NP problem with various target error levels. Simulations and real data studies validate the effectiveness of our algorithms. To our knowledge, this is the first study to address the multi-class NP problem with theoretical guarantees. The proposed algorithms have been implemented in the R package \texttt{npcs}, which is available on CRAN.",http://arxiv.org/abs/2111.04597v4
2111.07382,Adaptive Cost-Sensitive Learning in Neural Networks for Misclassification Cost Problems,Ohad Volk; Gonen Singer,2021-11-14,class_imbalance,4,"We design a new adaptive learning algorithm for misclassification cost problems that attempt to reduce the cost of misclassified instances derived from the consequences of various errors. Our algorithm (adaptive cost sensitive learning - AdaCSL) adaptively adjusts the loss function such that the classifier bridges the difference between the class distributions between subgroups of samples in the training and test data sets with similar predicted probabilities (i.e., local training-test class distribution mismatch). We provide some theoretical performance guarantees on the proposed algorithm and present empirical evidence that a deep neural network used with the proposed AdaCSL algorithm yields better cost results on several binary classification data sets that have class-imbalanced and class-balanced distributions compared to other alternative approaches.",http://arxiv.org/abs/2111.07382v1
2112.03275,Smart Metering System Capable of Anomaly Detection by Bi-directional LSTM Autoencoder,Sangkeum Lee; Hojun Jin; Sarvar Hussain Nengroo; Yoonmee Doh; Chungho Lee; Taewook Heo; Dongsoo Har,2021-12-06,anomaly_detection,29,"Anomaly detection is concerned with a wide range of applications such as fault detection, system monitoring, and event detection. Identifying anomalies from metering data obtained from smart metering system is a critical task to enhance reliability, stability, and efficiency of the power system. This paper presents an anomaly detection process to find outliers observed in the smart metering system. In the proposed approach, bi-directional long short-term memory (BiLSTM) based autoencoder is used and finds the anomalous data point. It calculates the reconstruction error through autoencoder with the non-anomalous data, and the outliers to be classified as anomalies are separated from the non-anomalous data by predefined threshold. Anomaly detection method based on the BiLSTM autoencoder is tested with the metering data corresponding to 4 types of energy sources electricity/water/heating/hot water collected from 985 households.",http://arxiv.org/abs/2112.03275v1
2112.12024,Evaluating categorical encoding methods on a real credit card fraud detection database,François de la Bourdonnaye; Fabrice Daniel,2021-12-22,fraud_detection,9,"Correctly dealing with categorical data in a supervised learning context is still a major issue. Furthermore, though some machine learning methods embody builtin methods to deal with categorical features, it is unclear whether they bring some improvements and how do they compare with usual categorical encoding methods. In this paper, we describe several well-known categorical encoding methods that are based on target statistics and weight of evidence. We apply them on a large and real credit card fraud detection database. Then, we train the encoded databases using state-of-the-art gradient boosting methods and evaluate their performances. We show that categorical encoding methods generally bring substantial improvements with respect to the absence of encoding. The contribution of this work is twofold: (1) we compare many state-of-the-art ""lite"" categorical encoding methods on a large scale database and (2) we use a real credit card fraud detection database.",http://arxiv.org/abs/2112.12024v1
2112.14436,Monte Carlo EM for Deep Time Series Anomaly Detection,François-Xavier Aubet; Daniel Zügner; Jan Gasthaus,2021-12-29,anomaly_detection,7,"Time series data are often corrupted by outliers or other kinds of anomalies. Identifying the anomalous points can be a goal on its own (anomaly detection), or a means to improving performance of other time series tasks (e.g. forecasting). Recent deep-learning-based approaches to anomaly detection and forecasting commonly assume that the proportion of anomalies in the training data is small enough to ignore, and treat the unlabeled data as coming from the nominal data distribution. We present a simple yet effective technique for augmenting existing time series models so that they explicitly account for anomalies in the training data. By augmenting the training data with a latent anomaly indicator variable whose distribution is inferred while training the underlying model using Monte Carlo EM, our method simultaneously infers anomalous points while improving model performance on nominal data. We demonstrate the effectiveness of the approach by combining it with a simple feed-forward forecasting model. We investigate how anomalies in the train set affect the training of forecasting models, which are commonly used for time series anomaly detection, and show that our method improves the training of the model.",http://arxiv.org/abs/2112.14436v1
2201.01416,Latent Vector Expansion using Autoencoder for Anomaly Detection,UJu Gim; YeongHyeon Park,2022-01-05,class_imbalance,0,"Deep learning methods can classify various unstructured data such as images, language, and voice as input data. As the task of classifying anomalies becomes more important in the real world, various methods exist for classifying using deep learning with data collected in the real world. As the task of classifying anomalies becomes more important in the real world, there are various methods for classifying using deep learning with data collected in the real world. Among the various methods, the representative approach is a method of extracting and learning the main features based on a transition model from pre-trained models, and a method of learning an autoencoderbased structure only with normal data and classifying it as abnormal through a threshold value. However, if the dataset is imbalanced, even the state-of-the-arts models do not achieve good performance. This can be addressed by augmenting normal and abnormal features in imbalanced data as features with strong distinction. We use the features of the autoencoder to train latent vectors from low to high dimensionality. We train normal and abnormal data as a feature that has a strong distinction among the features of imbalanced data. We propose a latent vector expansion autoencoder model that improves classification performance at imbalanced data. The proposed method shows performance improvement compared to the basic autoencoder using imbalanced anomaly dataset.",http://arxiv.org/abs/2201.01416v1
2202.07586,Deep Generative model with Hierarchical Latent Factors for Time Series Anomaly Detection,Cristian Challu; Peihong Jiang; Ying Nian Wu; Laurent Callot,2022-02-15,anomaly_detection,34,"Multivariate time series anomaly detection has become an active area of research in recent years, with Deep Learning models outperforming previous approaches on benchmark datasets. Among reconstruction-based models, most previous work has focused on Variational Autoencoders and Generative Adversarial Networks. This work presents DGHL, a new family of generative models for time series anomaly detection, trained by maximizing the observed likelihood by posterior sampling and alternating back-propagation. A top-down Convolution Network maps a novel hierarchical latent space to time series windows, exploiting temporal dynamics to encode information efficiently. Despite relying on posterior sampling, it is computationally more efficient than current approaches, with up to 10x shorter training times than RNN based models. Our method outperformed current state-of-the-art models on four popular benchmark datasets. Finally, DGHL is robust to variable features between entities and accurate even with large proportions of missing values, settings with increasing relevance with the advent of IoT. We demonstrate the superior robustness of DGHL with novel occlusion experiments in this literature. Our code is available at https://github.com/cchallu/dghl.",http://arxiv.org/abs/2202.07586v2
2202.07787,Trustworthy Anomaly Detection: A Survey,Shuhan Yuan; Xintao Wu,2022-02-15,fraud_detection,13,"Anomaly detection has a wide range of real-world applications, such as bank fraud detection and cyber intrusion detection. In the past decade, a variety of anomaly detection models have been developed, which lead to big progress towards accurately detecting various anomalies. Despite the successes, anomaly detection models still face many limitations. The most significant one is whether we can trust the detection results from the models. In recent years, the research community has spent a great effort to design trustworthy machine learning models, such as developing trustworthy classification models. However, the attention to anomaly detection tasks is far from sufficient. Considering that many anomaly detection tasks are life-changing tasks involving human beings, labeling someone as anomalies or fraudsters should be extremely cautious. Hence, ensuring the anomaly detection models conducted in a trustworthy fashion is an essential requirement to deploy the models to conduct automatic decisions in the real world. In this brief survey, we summarize the existing efforts and discuss open problems towards trustworthy anomaly detection from the perspectives of interpretability, fairness, robustness, and privacy-preservation.",http://arxiv.org/abs/2202.07787v1
2203.03872,Visual anomaly detection in video by variational autoencoder,Faraz Waseem; Rafael Perez Martinez; Chris Wu,2022-03-08,anomaly_detection,9,"Video anomalies detection is the intersection of anomaly detection and visual intelligence. It has commercial applications in surveillance, security, self-driving cars and crop monitoring. Videos can capture a variety of anomalies. Due to efforts needed to label training data, unsupervised approaches to train anomaly detection models for videos is more practical An autoencoder is a neural network that is trained to recreate its input using latent representation of input also called a bottleneck layer. Variational autoencoder uses distribution (mean and variance) as compared to latent vector as bottleneck layer and can have better regularization effect. In this paper we have demonstrated comparison between performance of convolutional LSTM versus a variation convolutional LSTM autoencoder",http://arxiv.org/abs/2203.03872v1
2204.08609,"""Flux+Mutability"": A Conditional Generative Approach to One-Class Classification and Anomaly Detection",C. Fanelli; J. Giroux; Z. Papandreou,2022-04-19,anomaly_detection,17,"Anomaly Detection is becoming increasingly popular within the experimental physics community. At experiments such as the Large Hadron Collider, anomaly detection is at the forefront of finding new physics beyond the Standard Model. This paper details the implementation of a novel Machine Learning architecture, called Flux+Mutability, which combines cutting-edge conditional generative models with clustering algorithms. In the `flux' stage we learn the distribution of a reference class. The `mutability' stage at inference addresses if data significantly deviates from the reference class. We demonstrate the validity of our approach and its connection to multiple problems spanning from one-class classification to anomaly detection. In particular, we apply our method to the isolation of neutral showers in an electromagnetic calorimeter and show its performance in detecting anomalous dijets events from standard QCD background. This approach limits assumptions on the reference sample and remains agnostic to the complementary class of objects of a given problem. We describe the possibility of dynamically generating a reference population and defining selection criteria via quantile cuts. Remarkably this flexible architecture can be deployed for a wide range of problems, and applications like multi-class classification or data quality control are left for further exploration.",http://arxiv.org/abs/2204.08609v1
2204.12577,Novel Applications for VAE-based Anomaly Detection Systems,Luca Bergamin; Tommaso Carraro; Mirko Polato; Fabio Aiolli,2022-04-26,anomaly_detection,13,"The recent rise in deep learning technologies fueled innovation and boosted scientific research. Their achievements enabled new research directions for deep generative modeling (DGM), an increasingly popular approach that can create novel and unseen data, starting from a given data set. As the technology shows promising applications, many ethical issues also arise. For example, their misuse can enable disinformation campaigns and powerful phishing attempts. Research also indicates different biases affect deep learning models, leading to social issues such as misrepresentation. In this work, we formulate a novel setting to deal with similar problems, showing that a repurposed anomaly detection system effectively generates novel data, avoiding generating specified unwanted data. We propose Variational Auto-encoding Binary Classifiers (V-ABC): a novel model that repurposes and extends the Auto-encoding Binary Classifier (ABC) anomaly detector, using the Variational Auto-encoder (VAE). We survey the limitations of existing approaches and explore many tools to show the model's inner workings in an interpretable way. This proposal has excellent potential for generative applications: models that rely on user-generated data could automatically filter out unwanted content, such as offensive language, obscene images, and misleading information.",http://arxiv.org/abs/2204.12577v1
2205.05173,Self-Supervised Anomaly Detection in Computer Vision and Beyond: A Survey and Outlook,Hadi Hojjati; Thi Kieu Khanh Ho; Narges Armanfard,2022-05-10,anomaly_detection,100,"Anomaly detection (AD) plays a crucial role in various domains, including cybersecurity, finance, and healthcare, by identifying patterns or events that deviate from normal behaviour. In recent years, significant progress has been made in this field due to the remarkable growth of deep learning models. Notably, the advent of self-supervised learning has sparked the development of novel AD algorithms that outperform the existing state-of-the-art approaches by a considerable margin. This paper aims to provide a comprehensive review of the current methodologies in self-supervised anomaly detection. We present technical details of the standard methods and discuss their strengths and drawbacks. We also compare the performance of these models against each other and other state-of-the-art anomaly detection models. Finally, the paper concludes with a discussion of future directions for self-supervised anomaly detection, including the development of more effective and efficient algorithms and the integration of these techniques with other related fields, such as multi-modal learning.",http://arxiv.org/abs/2205.05173v5
2205.06742,Neurochaos Feature Transformation and Classification for Imbalanced Learning,Deeksha Sethi; Nithin Nagaraj; Harikrishnan N B,2022-04-20,class_imbalance,2,"Learning from limited and imbalanced data is a challenging problem in the Artificial Intelligence community. Real-time scenarios demand decision-making from rare events wherein the data are typically imbalanced. These situations commonly arise in medical applications, cybersecurity, catastrophic predictions etc. This motivates the development of learning algorithms capable of learning from imbalanced data. Human brain effortlessly learns from imbalanced data. Inspired by the chaotic neuronal firing in the human brain, a novel learning algorithm namely Neurochaos Learning (NL) was recently proposed. NL is categorized in three blocks: Feature Transformation, Neurochaos Feature Extraction (CFX), and Classification. In this work, the efficacy of neurochaos feature transformation and extraction for classification in imbalanced learning is studied. We propose a unique combination of neurochaos based feature transformation and extraction with traditional ML algorithms. The explored datasets in this study revolve around medical diagnosis, banknote fraud detection, environmental applications and spoken-digit classification. In this study, experiments are performed in both high and low training sample regime. In the former, five out of nine datasets have shown a performance boost in terms of macro F1-score after using CFX features. The highest performance boost obtained is 25.97% for Statlog (Heart) dataset using CFX+Decision Tree. In the low training sample regime (from just one to nine training samples per class), the highest performance boost of 144.38% is obtained for Haberman's Survival dataset using CFX+Random Forest. NL offers enormous flexibility of combining CFX with any ML classifier to boost its performance, especially for learning tasks with limited and imbalanced data.",http://arxiv.org/abs/2205.06742v2
2205.15300,A Combination of Deep Neural Networks and K-Nearest Neighbors for Credit Card Fraud Detection,Dinara Rzayeva; Saber Malekzadeh,2022-05-27,fraud_detection,2,"Detection of a Fraud transaction on credit cards became one of the major problems for financial institutions, organizations and companies. As the global financial system is highly connected to non-cash transactions and online operations fraud makers invent more effective ways to access customers' finances. The main problem in credit card fraud detection is that the number of fraud transactions is significantly lower than genuine ones. The aim of the paper is to implement new techniques, which contains of under-sampling algorithms, K-nearest Neighbor Algorithm (KNN) and Deep Neural Network (KNN) on new obtained dataset. The performance evaluation showed that DNN model gives precise high accuracy (98.12%), which shows the good ability of presented method to detect fraudulent transactions.",http://arxiv.org/abs/2205.15300v1
2206.04149,A Survey of Graph-based Deep Learning for Anomaly Detection in Distributed Systems,Armin Danesh Pazho; Ghazal Alinezhad Noghre; Arnab A Purkayastha; Jagannadh Vempati; Otto Martin; Hamed Tabkhi,2022-06-08,anomaly_detection,97,"Anomaly detection is a crucial task in complex distributed systems. A thorough understanding of the requirements and challenges of anomaly detection is pivotal to the security of such systems, especially for real-world deployment. While there are many works and application domains that deal with this problem, few have attempted to provide an in-depth look at such systems. In this survey, we explore the potentials of graph-based algorithms to identify anomalies in distributed systems. These systems can be heterogeneous or homogeneous, which can result in distinct requirements. One of our objectives is to provide an in-depth look at graph-based approaches to conceptually analyze their capability to handle real-world challenges such as heterogeneity and dynamic structure. This study gives an overview of the State-of-the-Art (SotA) research articles in the field and compare and contrast their characteristics. To facilitate a more comprehensive understanding, we present three systems with varying abstractions as use cases. We examine the specific challenges involved in anomaly detection within such systems. Subsequently, we elucidate the efficacy of graphs in such systems and explicate their advantages. We then delve into the SotA methods and highlight their strength and weaknesses, pointing out the areas for possible improvements and future works.",http://arxiv.org/abs/2206.04149v2
2206.05460,Hierarchical Conditional Variational Autoencoder Based Acoustic Anomaly Detection,Harsh Purohit; Takashi Endo; Masaaki Yamamoto; Yohei Kawaguchi,2022-06-11,anomaly_detection,10,"This paper aims to develop an acoustic signal-based unsupervised anomaly detection method for automatic machine monitoring. Existing approaches such as deep autoencoder (DAE), variational autoencoder (VAE), conditional variational autoencoder (CVAE) etc. have limited representation capabilities in the latent space and, hence, poor anomaly detection performance. Different models have to be trained for each different kind of machines to accurately perform the anomaly detection task. To solve this issue, we propose a new method named as hierarchical conditional variational autoencoder (HCVAE). This method utilizes available taxonomic hierarchical knowledge about industrial facility to refine the latent space representation. This knowledge helps model to improve the anomaly detection performance as well. We demonstrated the generalization capability of a single HCVAE model for different types of machines by using appropriate conditions. Additionally, to show the practicability of the proposed approach, (i) we evaluated HCVAE model on different domain and (ii) we checked the effect of partial hierarchical knowledge. Our results show that HCVAE method validates both of these points, and it outperforms the baseline system on anomaly detection task by utmost 15 % on the AUC score metric.",http://arxiv.org/abs/2206.05460v1
2206.12415,A novel approach to increase scalability while training machine learning algorithms using Bfloat 16 in credit card fraud detection,Bushra Yousuf; Rejwan Bin Sulaiman; Musarrat Saberin Nipun,2022-06-24,fraud_detection,1,"The use of credit cards has become quite common these days as digital banking has become the norm. With this increase, fraud in credit cards also has a huge problem and loss to the banks and customers alike. Normal fraud detection systems, are not able to detect the fraud since fraudsters emerge with new techniques to commit fraud. This creates the need to use machine learning-based software to detect frauds. Currently, the machine learning softwares that are available focuses only on the accuracy of detecting frauds but does not focus on the cost or time factors to detect. This research focuses on machine learning scalability for banks' credit card fraud detection systems. We have compared the existing machine learning algorithms and methods that are available with the newly proposed technique. The goal is to prove that using fewer bits for training a machine learning algorithm will result in a more scalable system, that will reduce the time and will also be less costly to implement.",http://arxiv.org/abs/2206.12415v1
2207.01472,Deep Contrastive One-Class Time Series Anomaly Detection,Rui Wang; Chongwei Liu; Xudong Mou; Kai Gao; Xiaohui Guo; Pin Liu; Tianyu Wo; Xudong Liu,2022-07-04,anomaly_detection,46,"The accumulation of time-series data and the absence of labels make time-series Anomaly Detection (AD) a self-supervised deep learning task. Single-normality-assumption-based methods, which reveal only a certain aspect of the whole normality, are incapable of tasks involved with a large number of anomalies. Specifically, Contrastive Learning (CL) methods distance negative pairs, many of which consist of both normal samples, thus reducing the AD performance. Existing multi-normality-assumption-based methods are usually two-staged, firstly pre-training through certain tasks whose target may differ from AD, limiting their performance. To overcome the shortcomings, a deep Contrastive One-Class Anomaly detection method of time series (COCA) is proposed by authors, following the normality assumptions of CL and one-class classification. It treats the original and reconstructed representations as the positive pair of negative-sample-free CL, namely ""sequence contrast"". Next, invariance terms and variance terms compose a contrastive one-class loss function in which the loss of the assumptions is optimized by invariance terms simultaneously and the ""hypersphere collapse"" is prevented by variance terms. In addition, extensive experiments on two real-world time-series datasets show the superior performance of the proposed method achieves state-of-the-art.",http://arxiv.org/abs/2207.01472v3
2207.03820,Deep Learning for Anomaly Detection in Log Data: A Survey,Max Landauer; Sebastian Onder; Florian Skopik; Markus Wurzenberger,2022-07-08,anomaly_detection,244,"Automatic log file analysis enables early detection of relevant incidents such as system failures. In particular, self-learning anomaly detection techniques capture patterns in log data and subsequently report unexpected log event occurrences to system operators without the need to provide or manually model anomalous scenarios in advance. Recently, an increasing number of approaches leveraging deep learning neural networks for this purpose have been presented. These approaches have demonstrated superior detection performance in comparison to conventional machine learning techniques and simultaneously resolve issues with unstable data formats. However, there exist many different architectures for deep learning and it is non-trivial to encode raw and unstructured log data to be analyzed by neural networks. We therefore carry out a systematic literature review that provides an overview of deployed models, data pre-processing mechanisms, anomaly detection techniques, and evaluations. The survey does not quantitatively compare existing approaches but instead aims to help readers understand relevant aspects of different model architectures and emphasizes open issues for future work.",http://arxiv.org/abs/2207.03820v2
2207.12201,Calibrated One-class Classification for Unsupervised Time Series Anomaly Detection,Hongzuo Xu; Yijie Wang; Songlei Jian; Qing Liao; Yongjun Wang; Guansong Pang,2022-07-25,anomaly_detection,147,"Time series anomaly detection is instrumental in maintaining system availability in various domains. Current work in this research line mainly focuses on learning data normality deeply and comprehensively by devising advanced neural network structures and new reconstruction/prediction learning objectives. However, their one-class learning process can be misled by latent anomalies in training data (i.e., anomaly contamination) under the unsupervised paradigm. Their learning process also lacks knowledge about the anomalies. Consequently, they often learn a biased, inaccurate normality boundary. To tackle these problems, this paper proposes calibrated one-class classification for anomaly detection, realizing contamination-tolerant, anomaly-informed learning of data normality via uncertainty modeling-based calibration and native anomaly-based calibration. Specifically, our approach adaptively penalizes uncertain predictions to restrain irregular samples in anomaly contamination during optimization, while simultaneously encouraging confident predictions on regular samples to ensure effective normality learning. This largely alleviates the negative impact of anomaly contamination. Our approach also creates native anomaly examples via perturbation to simulate time series abnormal behaviors. Through discriminating these dummy anomalies, our one-class learning is further calibrated to form a more precise normality boundary. Extensive experiments on ten real-world datasets show that our model achieves substantial improvement over sixteen state-of-the-art contenders.",http://arxiv.org/abs/2207.12201v2
2208.08200,AHEAD: A Triple Attention Based Heterogeneous Graph Anomaly Detection Approach,Shujie Yang; Binchi Zhang; Shangbin Feng; Zhaoxuan Tan; Qinghua Zheng; Jun Zhou; Minnan Luo,2022-08-17,anomaly_detection,7,"Graph anomaly detection on attributed networks has become a prevalent research topic due to its broad applications in many influential domains. In real-world scenarios, nodes and edges in attributed networks usually display distinct heterogeneity, i.e. attributes of different types of nodes show great variety, different types of relations represent diverse meanings. Anomalies usually perform differently from the majority in various perspectives of heterogeneity in these networks. However, existing graph anomaly detection approaches do not leverage heterogeneity in attributed networks, which is highly related to anomaly detection. In light of this problem, we propose AHEAD: a heterogeneity-aware unsupervised graph anomaly detection approach based on the encoder-decoder framework. Specifically, for the encoder, we design three levels of attention, i.e. attribute level, node type level, and edge level attentions to capture the heterogeneity of network structure, node properties and information of a single node, respectively. In the decoder, we exploit structure, attribute, and node type reconstruction terms to obtain an anomaly score for each node. Extensive experiments show the superiority of AHEAD on several real-world heterogeneous information networks compared with the state-of-arts in the unsupervised setting. Further experiments verify the effectiveness and robustness of our triple attention, model backbone, and decoder in general.",http://arxiv.org/abs/2208.08200v1
2208.10916,Application of Causal Inference to Analytical Customer Relationship Management in Banking and Insurance,Satyam Kumar; Vadlamani Ravi,2022-08-19,fraud_detection,2,"Of late, in order to have better acceptability among various domain, researchers have argued that machine intelligence algorithms must be able to provide explanations that humans can understand causally. This aspect, also known as causability, achieves a specific level of human-level explainability. A specific class of algorithms known as counterfactuals may be able to provide causability. In statistics, causality has been studied and applied for many years, but not in great detail in artificial intelligence (AI). In a first-of-its-kind study, we employed the principles of causal inference to provide explainability for solving the analytical customer relationship management (ACRM) problems. In the context of banking and insurance, current research on interpretability tries to address causality-related questions like why did this model make such decisions, and was the model's choice influenced by a particular factor? We propose a solution in the form of an intervention, wherein the effect of changing the distribution of features of ACRM datasets is studied on the target feature. Subsequently, a set of counterfactuals is also obtained that may be furnished to any customer who demands an explanation of the decision taken by the bank/insurance company. Except for the credit card churn prediction dataset, good quality counterfactuals were generated for the loan default, insurance fraud detection, and credit card fraud detection datasets, where changes in no more than three features are observed.",http://arxiv.org/abs/2208.10916v1
2208.10943,Challenges and Complexities in Machine Learning based Credit Card Fraud Detection,Gayan K. Kulatilleke,2022-08-20,fraud_detection,26,"Credit cards play an exploding role in modern economies. Its popularity and ubiquity have created a fertile ground for fraud, assisted by the cross boarder reach and instantaneous confirmation. While transactions are growing, the fraud percentages are also on the rise as well as the true cost of a dollar fraud. Volume of transactions, uniqueness of frauds and ingenuity of the fraudster are main challenges in detecting frauds. The advent of machine learning, artificial intelligence and big data has opened up new tools in the fight against frauds. Given past transactions, a machine learning algorithm has the ability to 'learn' infinitely complex characteristics in order to identify frauds in real-time, surpassing the best human investigators. However, the developments in fraud detection algorithms has been challenging and slow due the massively unbalanced nature of fraud data, absence of benchmarks and standard evaluation metrics to identify better performing classifiers, lack of sharing and disclosure of research findings and the difficulties in getting access to confidential transaction data for research. This work investigates the properties of typical massively imbalanced fraud data sets, their availability, suitability for research use while exploring the widely varying nature of fraud distributions. Furthermore, we show how human annotation errors compound with machine classification errors. We also carry out experiments to determine the effect of PCA obfuscation (as a means of disseminating sensitive transaction data for research and machine learning) on algorithmic performance of classifiers and show that while PCA does not significantly degrade performance, care should be taken to use the appropriate principle component size (dimensions) to avoid overfitting.",http://arxiv.org/abs/2208.10943v1
2208.11264,Towards an Awareness of Time Series Anomaly Detection Models' Adversarial Vulnerability,Shahroz Tariq; Binh M. Le; Simon S. Woo,2022-08-24,anomaly_detection,9,"Time series anomaly detection is extensively studied in statistics, economics, and computer science. Over the years, numerous methods have been proposed for time series anomaly detection using deep learning-based methods. Many of these methods demonstrate state-of-the-art performance on benchmark datasets, giving the false impression that these systems are robust and deployable in many practical and industrial real-world scenarios. In this paper, we demonstrate that the performance of state-of-the-art anomaly detection methods is degraded substantially by adding only small adversarial perturbations to the sensor data. We use different scoring metrics such as prediction errors, anomaly, and classification scores over several public and private datasets ranging from aerospace applications, server machines, to cyber-physical systems in power plants. Under well-known adversarial attacks from Fast Gradient Sign Method (FGSM) and Projected Gradient Descent (PGD) methods, we demonstrate that state-of-the-art deep neural networks (DNNs) and graph neural networks (GNNs) methods, which claim to be robust against anomalies and have been possibly integrated in real-life systems, have their performance drop to as low as 0%. To the best of our understanding, we demonstrate, for the first time, the vulnerabilities of anomaly detection systems against adversarial attacks. The overarching goal of this research is to raise awareness towards the adversarial vulnerabilities of time series anomaly detectors.",http://arxiv.org/abs/2208.11264v1
2208.12433,Towards Automated Imbalanced Learning with Deep Hierarchical Reinforcement Learning,Daochen Zha; Kwei-Herng Lai; Qiaoyu Tan; Sirui Ding; Na Zou; Xia Hu,2022-08-26,class_imbalance,21,"Imbalanced learning is a fundamental challenge in data mining, where there is a disproportionate ratio of training samples in each class. Over-sampling is an effective technique to tackle imbalanced learning through generating synthetic samples for the minority class. While numerous over-sampling algorithms have been proposed, they heavily rely on heuristics, which could be sub-optimal since we may need different sampling strategies for different datasets and base classifiers, and they cannot directly optimize the performance metric. Motivated by this, we investigate developing a learning-based over-sampling algorithm to optimize the classification performance, which is a challenging task because of the huge and hierarchical decision space. At the high level, we need to decide how many synthetic samples to generate. At the low level, we need to determine where the synthetic samples should be located, which depends on the high-level decision since the optimal locations of the samples may differ for different numbers of samples. To address the challenges, we propose AutoSMOTE, an automated over-sampling algorithm that can jointly optimize different levels of decisions. Motivated by the success of SMOTE~\cite{chawla2002smote} and its extensions, we formulate the generation process as a Markov decision process (MDP) consisting of three levels of policies to generate synthetic samples within the SMOTE search space. Then we leverage deep hierarchical reinforcement learning to optimize the performance metric on the validation data. Extensive experiments on six real-world datasets demonstrate that AutoSMOTE significantly outperforms the state-of-the-art resampling algorithms. The code is at https://github.com/daochenzha/autosmote",http://arxiv.org/abs/2208.12433v1
2210.09766,DAGAD: Data Augmentation for Graph Anomaly Detection,Fanzhen Liu; Xiaoxiao Ma; Jia Wu; Jian Yang; Shan Xue; Amin Beheshti; Chuan Zhou; Hao Peng; Quan Z. Sheng; Charu C. Aggarwal,2022-10-18,anomaly_detection,61,"Graph anomaly detection in this paper aims to distinguish abnormal nodes that behave differently from the benign ones accounting for the majority of graph-structured instances. Receiving increasing attention from both academia and industry, yet existing research on this task still suffers from two critical issues when learning informative anomalous behavior from graph data. For one thing, anomalies are usually hard to capture because of their subtle abnormal behavior and the shortage of background knowledge about them, which causes severe anomalous sample scarcity. Meanwhile, the overwhelming majority of objects in real-world graphs are normal, bringing the class imbalance problem as well. To bridge the gaps, this paper devises a novel Data Augmentation-based Graph Anomaly Detection (DAGAD) framework for attributed graphs, equipped with three specially designed modules: 1) an information fusion module employing graph neural network encoders to learn representations, 2) a graph data augmentation module that fertilizes the training set with generated samples, and 3) an imbalance-tailored learning module to discriminate the distributions of the minority (anomalous) and majority (normal) classes. A series of experiments on three datasets prove that DAGAD outperforms ten state-of-the-art baseline detectors concerning various mostly-used metrics, together with an extensive ablation study validating the strength of our proposed modules.",http://arxiv.org/abs/2210.09766v1
2211.05244,Deep Learning for Time Series Anomaly Detection: A Survey,Zahra Zamanzadeh Darban; Geoffrey I. Webb; Shirui Pan; Charu C. Aggarwal; Mahsa Salehi,2022-11-09,anomaly_detection,712,"Time series anomaly detection has applications in a wide range of research fields and applications, including manufacturing and healthcare. The presence of anomalies can indicate novel or unexpected events, such as production faults, system defects, or heart fluttering, and is therefore of particular interest. The large size and complex patterns of time series have led researchers to develop specialised deep learning models for detecting anomalous patterns. This survey focuses on providing structured and comprehensive state-of-the-art time series anomaly detection models through the use of deep learning. It providing a taxonomy based on the factors that divide anomaly detection models into different categories. Aside from describing the basic anomaly detection technique for each category, the advantages and limitations are also discussed. Furthermore, this study includes examples of deep anomaly detection in time series across various application domains in recent years. It finally summarises open issues in research and challenges faced while adopting deep anomaly detection models.",http://arxiv.org/abs/2211.05244v3
2211.05456,Review of Methods for Handling Class-Imbalanced in Classification Problems,Satyendra Singh Rawat; Amit Kumar Mishra,2022-11-10,class_imbalance,30,"Learning classifiers using skewed or imbalanced datasets can occasionally lead to classification issues; this is a serious issue. In some cases, one class contains the majority of examples while the other, which is frequently the more important class, is nevertheless represented by a smaller proportion of examples. Using this kind of data could make many carefully designed machine-learning systems ineffective. High training fidelity was a term used to describe biases vs. all other instances of the class. The best approach to all possible remedies to this issue is typically to gain from the minority class. The article examines the most widely used methods for addressing the problem of learning with a class imbalance, including data-level, algorithm-level, hybrid, cost-sensitive learning, and deep learning, etc. including their advantages and limitations. The efficiency and performance of the classifier are assessed using a myriad of evaluation metrics.",http://arxiv.org/abs/2211.05456v1
2211.06315,Fraudulent User Detection Via Behavior Information Aggregation Network (BIAN) On Large-Scale Financial Social Network,Hanyi Hu; Long Zhang; Shuan Li; Zhi Liu; Yao Yang; Chongning Na,2022-11-04,fraud_detection,0,"Financial frauds cause billions of losses annually and yet it lacks efficient approaches in detecting frauds considering user profile and their behaviors simultaneously in social network . A social network forms a graph structure whilst Graph neural networks (GNN), a promising research domain in Deep Learning, can seamlessly process non-Euclidean graph data . In financial fraud detection, the modus operandi of criminals can be identified by analyzing user profile and their behaviors such as transaction, loaning etc. as well as their social connectivity. Currently, most GNNs are incapable of selecting important neighbors since the neighbors' edge attributes (i.e., behaviors) are ignored. In this paper, we propose a novel behavior information aggregation network (BIAN) to combine the user behaviors with other user features. Different from its close ""relatives"" such as Graph Attention Networks (GAT) and Graph Transformer Networks (GTN), it aggregates neighbors based on neighboring edge attribute distribution, namely, user behaviors in financial social network. The experimental results on a real-world large-scale financial social network dataset, DGraph, show that BIAN obtains the 10.2% gain in AUROC comparing with the State-Of-The-Art models.",http://arxiv.org/abs/2211.06315v2
2211.15255,ARISE: Graph Anomaly Detection on Attributed Networks via Substructure Awareness,Jingcan Duan; Bin Xiao; Siwei Wang; Haifang Zhou; Xinwang Liu,2022-11-28,anomaly_detection,38,"Recently, graph anomaly detection on attributed networks has attracted growing attention in data mining and machine learning communities. Apart from attribute anomalies, graph anomaly detection also aims at suspicious topological-abnormal nodes that exhibit collective anomalous behavior. Closely connected uncorrelated node groups form uncommonly dense substructures in the network. However, existing methods overlook that the topology anomaly detection performance can be improved by recognizing such a collective pattern. To this end, we propose a new graph anomaly detection framework on attributed networks via substructure awareness (ARISE for abbreviation). Unlike previous algorithms, we focus on the substructures in the graph to discern abnormalities. Specifically, we establish a region proposal module to discover high-density substructures in the network as suspicious regions. The average node-pair similarity can be regarded as the topology anomaly degree of nodes within substructures. Generally, the lower the similarity, the higher the probability that internal nodes are topology anomalies. To distill better embeddings of node attributes, we further introduce a graph contrastive learning scheme, which observes attribute anomalies in the meantime. In this way, ARISE can detect both topology and attribute anomalies. Ultimately, extensive experiments on benchmark datasets show that ARISE greatly improves detection performance (up to 7.30% AUC and 17.46% AUPRC gains) compared to state-of-the-art attributed networks anomaly detection (ANAD) algorithms.",http://arxiv.org/abs/2211.15255v3
2212.05478,Mul-GAD: a semi-supervised graph anomaly detection framework via aggregating multi-view information,Zhiyuan Liu; Chunjie Cao; Jingzhang Sun,2022-12-11,anomaly_detection,11,"Anomaly detection is defined as discovering patterns that do not conform to the expected behavior. Previously, anomaly detection was mostly conducted using traditional shallow learning techniques, but with little improvement. As the emergence of graph neural networks (GNN), graph anomaly detection has been greatly developed. However, recent studies have shown that GNN-based methods encounter challenge, in that no graph anomaly detection algorithm can perform generalization on most datasets. To bridge the tap, we propose a multi-view fusion approach for graph anomaly detection (Mul-GAD). The view-level fusion captures the extent of significance between different views, while the feature-level fusion makes full use of complementary information. We theoretically and experimentally elaborate the effectiveness of the fusion strategies. For a more comprehensive conclusion, we further investigate the effect of the objective function and the number of fused views on detection performance. Exploiting these findings, our Mul-GAD is proposed equipped with fusion strategies and the well-performed objective function. Compared with other state-of-the-art detection methods, we achieve a better detection performance and generalization in most scenarios via a series of experiments conducted on Pubmed, Amazon Computer, Amazon Photo, Weibo and Books. Our code is available at https://github.com/liuyishoua/Mul-Graph-Fusion.",http://arxiv.org/abs/2212.05478v1
2212.07802,Chaotic Variational Auto Encoder based One Class Classifier for Insurance Fraud Detection,K. S. N. V. K. Gangadhar; B. Akhil Kumar; Yelleti Vivek; Vadlamani Ravi,2022-12-15,fraud_detection,4,"Of late, insurance fraud detection has assumed immense significance owing to the huge financial & reputational losses fraud entails and the phenomenal success of the fraud detection techniques. Insurance is majorly divided into two categories: (i) Life and (ii) Non-life. Non-life insurance in turn includes health insurance and auto insurance among other things. In either of the categories, the fraud detection techniques should be designed in such a way that they capture as many fraudulent transactions as possible. Owing to the rarity of fraudulent transactions, in this paper, we propose a chaotic variational autoencoder (C-VAE to perform one-class classification (OCC) on genuine transactions. Here, we employed the logistic chaotic map to generate random noise in the latent space. The effectiveness of C-VAE is demonstrated on the health insurance fraud and auto insurance datasets. We considered vanilla Variational Auto Encoder (VAE) as the baseline. It is observed that C-VAE outperformed VAE in both datasets. C-VAE achieved a classification rate of 77.9% and 87.25% in health and automobile insurance datasets respectively. Further, the t-test conducted at 1% level of significance and 18 degrees of freedom infers that C-VAE is statistically significant than the VAE.",http://arxiv.org/abs/2212.07802v1
2301.00134,Exploring the Use of Data-Driven Approaches for Anomaly Detection in the Internet of Things (IoT) Environment,Eleonora Achiluzzi; Menglu Li; Md Fahd Al Georgy; Rasha Kashef,2022-12-31,anomaly_detection,4,"The Internet of Things (IoT) is a system that connects physical computing devices, sensors, software, and other technologies. Data can be collected, transferred, and exchanged with other devices over the network without requiring human interactions. One challenge the development of IoT faces is the existence of anomaly data in the network. Therefore, research on anomaly detection in the IoT environment has become popular and necessary in recent years. This survey provides an overview to understand the current progress of the different anomaly detection algorithms and how they can be applied in the context of the Internet of Things. In this survey, we categorize the widely used anomaly detection machine learning and deep learning techniques in IoT into three types: clustering-based, classification-based, and deep learning based. For each category, we introduce some state-of-the-art anomaly detection methods and evaluate the advantages and limitations of each technique.",http://arxiv.org/abs/2301.00134v1
2301.01748,Cost-Sensitive Stacking: an Empirical Evaluation,Natalie Lawrance; Marie-Anne Guerry; George Petrides,2023-01-04,class_imbalance,2,"Many real-world classification problems are cost-sensitive in nature, such that the misclassification costs vary between data instances. Cost-sensitive learning adapts classification algorithms to account for differences in misclassification costs. Stacking is an ensemble method that uses predictions from several classifiers as the training data for another classifier, which in turn makes the final classification decision. While a large body of empirical work exists where stacking is applied in various domains, very few of these works take the misclassification costs into account. In fact, there is no consensus in the literature as to what cost-sensitive stacking is. In this paper we perform extensive experiments with the aim of establishing what the appropriate setup for a cost-sensitive stacking ensemble is. Our experiments, conducted on twelve datasets from a number of application domains, using real, instance-dependent misclassification costs, show that for best performance, both levels of stacking require cost-sensitive classification decision.",http://arxiv.org/abs/2301.01748v1
2301.06794,Subgraph Centralization: A Necessary Step for Graph Anomaly Detection,Zhong Zhuang; Kai Ming Ting; Guansong Pang; Shuaibin Song,2023-01-17,anomaly_detection,11,"Graph anomaly detection has attracted a lot of interest recently. Despite their successes, existing detectors have at least two of the three weaknesses: (a) high computational cost which limits them to small-scale networks only; (b) existing treatment of subgraphs produces suboptimal detection accuracy; and (c) unable to provide an explanation as to why a node is anomalous, once it is identified. We identify that the root cause of these weaknesses is a lack of a proper treatment for subgraphs. A treatment called Subgraph Centralization for graph anomaly detection is proposed to address all the above weaknesses. Its importance is shown in two ways. First, we present a simple yet effective new framework called Graph-Centric Anomaly Detection (GCAD). The key advantages of GCAD over existing detectors including deep-learning detectors are: (i) better anomaly detection accuracy; (ii) linear time complexity with respect to the number of nodes; and (iii) it is a generic framework that admits an existing point anomaly detector to be used to detect node anomalies in a network. Second, we show that Subgraph Centralization can be incorporated into two existing detectors to overcome the above-mentioned weaknesses.",http://arxiv.org/abs/2301.06794v1
2301.07526,AutoFraudNet: A Multimodal Network to Detect Fraud in the Auto Insurance Industry,Azin Asgarian; Rohit Saha; Daniel Jakubovitz; Julia Peyre,2023-01-15,fraud_detection,7,"In the insurance industry detecting fraudulent claims is a critical task with a significant financial impact. A common strategy to identify fraudulent claims is looking for inconsistencies in the supporting evidence. However, this is a laborious and cognitively heavy task for human experts as insurance claims typically come with a plethora of data from different modalities (e.g. images, text and metadata). To overcome this challenge, the research community has focused on multimodal machine learning frameworks that can efficiently reason through multiple data sources. Despite recent advances in multimodal learning, these frameworks still suffer from (i) challenges of joint-training caused by the different characteristics of different modalities and (ii) overfitting tendencies due to high model complexity. In this work, we address these challenges by introducing a multimodal reasoning framework, AutoFraudNet (Automobile Insurance Fraud Detection Network), for detecting fraudulent auto-insurance claims. AutoFraudNet utilizes a cascaded slow fusion framework and state-of-the-art fusion block, BLOCK Tucker, to alleviate the challenges of joint-training. Furthermore, it incorporates a light-weight architectural design along with additional losses to prevent overfitting. Through extensive experiments conducted on a real-world dataset, we demonstrate: (i) the merits of multimodal approaches, when compared to unimodal and bimodal methods, and (ii) the effectiveness of AutoFraudNet in fusing various modalities to boost performance (over 3\% in PR AUC).",http://arxiv.org/abs/2301.07526v1
2301.09317,A Survey on Actionable Knowledge,Sayed Erfan Arefin,2023-01-23,fraud_detection,0,"Actionable Knowledge Discovery (AKD) is a crucial aspect of data mining that is gaining popularity and being applied in a wide range of domains. This is because AKD can extract valuable insights and information, also known as knowledge, from large datasets. The goal of this paper is to examine different research studies that focus on various domains and have different objectives. The paper will review and discuss the methods used in these studies in detail. AKD is a process of identifying and extracting actionable insights from data, which can be used to make informed decisions and improve business outcomes. It is a powerful tool for uncovering patterns and trends in data that can be used for various applications such as customer relationship management, marketing, and fraud detection. The research studies reviewed in this paper will explore different techniques and approaches for AKD in different domains, such as healthcare, finance, and telecommunications. The paper will provide a thorough analysis of the current state of AKD in the field and will review the main methods used by various research studies. Additionally, the paper will evaluate the advantages and disadvantages of each method and will discuss any novel or new solutions presented in the field. Overall, this paper aims to provide a comprehensive overview of the methods and techniques used in AKD and the impact they have on different domains.",http://arxiv.org/abs/2301.09317v1
2301.10681,PULL: Reactive Log Anomaly Detection Based On Iterative PU Learning,Thorsten Wittkopp; Dominik Scheinert; Philipp Wiesner; Alexander Acker; Odej Kao,2023-01-25,class_imbalance,6,"Due to the complexity of modern IT services, failures can be manifold, occur at any stage, and are hard to detect. For this reason, anomaly detection applied to monitoring data such as logs allows gaining relevant insights to improve IT services steadily and eradicate failures. However, existing anomaly detection methods that provide high accuracy often rely on labeled training data, which are time-consuming to obtain in practice. Therefore, we propose PULL, an iterative log analysis method for reactive anomaly detection based on estimated failure time windows provided by monitoring systems instead of labeled data. Our attention-based model uses a novel objective function for weak supervision deep learning that accounts for imbalanced data and applies an iterative learning strategy for positive and unknown samples (PU learning) to identify anomalous logs. Our evaluation shows that PULL consistently outperforms ten benchmark baselines across three different datasets and detects anomalous log messages with an F1-score of more than 0.99 even within imprecise failure time windows.",http://arxiv.org/abs/2301.10681v1
2301.10888,Experimenting with an Evaluation Framework for Imbalanced Data Learning (EFIDL),Chenyu Li; Xia Jiang,2023-01-26,class_imbalance,1,"Introduction Data imbalance is one of the crucial issues in big data analysis with fewer labels. For example, in real-world healthcare data, spam detection labels, and financial fraud detection datasets. Many data balance methods were introduced to improve machine learning algorithms' performance. Research claims SMOTE and SMOTE-based data-augmentation (generate new data points) methods could improve algorithm performance. However, we found in many online tutorials, the valuation methods were applied based on synthesized datasets that introduced bias into the evaluation, and the performance got a false improvement. In this study, we proposed, a new evaluation framework for imbalanced data learning methods. We have experimented on five data balance methods and whether the performance of algorithms will improve or not. Methods We collected 8 imbalanced healthcare datasets with different imbalanced rates from different domains. Applied 6 data augmentation methods with 11 machine learning methods testing if the data augmentation will help with improving machine learning performance. We compared the traditional data augmentation evaluation methods with our proposed cross-validation evaluation framework Results Using traditional data augmentation evaluation meta hods will give a false impression of improving the performance. However, our proposed evaluation method shows data augmentation has limited ability to improve the results. Conclusion EFIDL is more suitable for evaluating the prediction performance of an ML method when data are augmented. Using an unsuitable evaluation framework will give false results. Future researchers should consider the evaluation framework we proposed when dealing with augmented datasets. Our experiments showed data augmentation does not help improve ML prediction performance.",http://arxiv.org/abs/2301.10888v1
2302.00058,Graph Anomaly Detection in Time Series: A Survey,Thi Kieu Khanh Ho; Ali Karami; Narges Armanfard,2023-01-31,anomaly_detection,42,"With the recent advances in technology, a wide range of systems continue to collect a large amount of data over time and thus generate time series. Time-Series Anomaly Detection (TSAD) is an important task in various time-series applications such as e-commerce, cybersecurity, vehicle maintenance, and healthcare monitoring. However, this task is very challenging as it requires considering both the intra-variable dependency (relationships within a variable over time) and the inter-variable dependency (relationships between multiple variables) existing in time-series data. Recent graph-based approaches have made impressive progress in tackling the challenges of this field. In this survey, we conduct a comprehensive and up-to-date review of TSAD using graphs, referred to as G-TSAD. First, we explore the significant potential of graph representation for time-series data and and its contributions to facilitating anomaly detection. Then, we review state-of-the-art graph anomaly detection techniques, mostly leveraging deep learning architectures, in the context of time series. For each method, we discuss its strengths, limitations, and the specific applications where it excels. Finally, we address both the technical and application challenges currently facing the field, and suggest potential future directions for advancing research and improving practical outcomes.",http://arxiv.org/abs/2302.00058v6
2303.06514,Credit Card Fraud Detection Using Enhanced Random Forest Classifier for Imbalanced Data,AlsharifHasan Mohamad Aburbeian; Huthaifa I. Ashqar,2023-03-11,class_imbalance,34,"The credit card has become the most popular payment method for both online and offline transactions. The necessity to create a fraud detection algorithm to precisely identify and stop fraudulent activity arises as a result of both the development of technology and the rise in fraud cases. This paper implements the random forest (RF) algorithm to solve the issue in the hand. A dataset of credit card transactions was used in this study. The main problem when dealing with credit card fraud detection is the imbalanced dataset in which most of the transaction are non-fraud ones. To overcome the problem of the imbalanced dataset, the synthetic minority over-sampling technique (SMOTE) was used. Implementing the hyperparameters technique to enhance the performance of the random forest classifier. The results showed that the RF classifier gained an accuracy of 98% and about 98% of F1-score value, which is promising. We also believe that our model is relatively easy to apply and can overcome the issue of imbalanced data for fraud detection applications.",http://arxiv.org/abs/2303.06514v1
2303.15218,Evaluating XGBoost for Balanced and Imbalanced Data: Application to Fraud Detection,Gissel Velarde; Anindya Sudhir; Sanjay Deshmane; Anuj Deshmunkh; Khushboo Sharma; Vaibhav Joshi,2023-03-27,class_imbalance,17,"This paper evaluates XGboost's performance given different dataset sizes and class distributions, from perfectly balanced to highly imbalanced. XGBoost has been selected for evaluation, as it stands out in several benchmarks due to its detection performance and speed. After introducing the problem of fraud detection, the paper reviews evaluation metrics for detection systems or binary classifiers, and illustrates with examples how different metrics work for balanced and imbalanced datasets. Then, it examines the principles of XGBoost. It proposes a pipeline for data preparation and compares a Vanilla XGBoost against a random search-tuned XGBoost. Random search fine-tuning provides consistent improvement for large datasets of 100 thousand samples, not so for medium and small datasets of 10 and 1 thousand samples, respectively. Besides, as expected, XGBoost recognition performance improves as more data is available, and deteriorates detection performance as the datasets become more imbalanced. Tests on distributions with 50, 45, 25, and 5 percent positive samples show that the largest drop in detection performance occurs for the distribution with only 5 percent positive samples. Sampling to balance the training set does not provide consistent improvement. Therefore, future work will include a systematic study of different techniques to deal with data imbalance and evaluating other approaches, including graphs, autoencoders, and generative adversarial methods, to deal with the lack of labels.",http://arxiv.org/abs/2303.15218v1
2304.10614,An Attention Free Conditional Autoencoder For Anomaly Detection in Cryptocurrencies,Hugo Inzirillo; Ludovic De Villelongue,2023-04-20,anomaly_detection,0,"It is difficult to identify anomalies in time series, especially when there is a lot of noise. Denoising techniques can remove the noise but this technique can cause a significant loss of information. To detect anomalies in the time series we have proposed an attention free conditional autoencoder (AF-CA). We started from the autoencoder conditional model on which we added an Attention-Free LSTM layer \cite{inzirillo2022attention} in order to make the anomaly detection capacity more reliable and to increase the power of anomaly detection. We compared the results of our Attention Free Conditional Autoencoder with those of an LSTM Autoencoder and clearly improved the explanatory power of the model and therefore the detection of anomaly in noisy time series.",http://arxiv.org/abs/2304.10614v1
2305.00595,Impact of Deep Learning Libraries on Online Adaptive Lightweight Time Series Anomaly Detection,Ming-Chang Lee; Jia-Chun Lin,2023-04-30,anomaly_detection,3,"Providing online adaptive lightweight time series anomaly detection without human intervention and domain knowledge is highly valuable. Several such anomaly detection approaches have been introduced in the past years, but all of them were only implemented in one deep learning library. With the development of deep learning libraries, it is unclear how different deep learning libraries impact these anomaly detection approaches since there is no such evaluation available. Randomly choosing a deep learning library to implement an anomaly detection approach might not be able to show the true performance of the approach. It might also mislead users in believing one approach is better than another. Therefore, in this paper, we investigate the impact of deep learning libraries on online adaptive lightweight time series anomaly detection by implementing two state-of-the-art anomaly detection approaches in three well-known deep learning libraries and evaluating how these two approaches are individually affected by the three deep learning libraries. A series of experiments based on four real-world open-source time series datasets were conducted. The results provide a good reference to select an appropriate deep learning library for online adaptive lightweight anomaly detection.",http://arxiv.org/abs/2305.00595v2
2305.04618,A LSTM and Cost-Sensitive Learning-Based Real-Time Warning for Civil Aviation Over-limit,Yiming Bian,2023-05-08,class_imbalance,1,"The issue of over-limit during passenger aircraft flights has drawn increasing attention in civil aviation due to its potential safety risks. To address this issue, real-time automated warning systems are essential. In this study, a real-time warning model for civil aviation over-limit is proposed based on QAR data monitoring. Firstly, highly correlated attributes to over-limit are extracted from a vast QAR dataset using the Spearman rank correlation coefficient. Because flight over-limit poses a binary classification problem with unbalanced samples, this paper incorporates cost-sensitive learning in the LSTM model. Finally, the time step length, number of LSTM cells, and learning rate in the LSTM model are optimized using a grid search approach. The model is trained on a real dataset, and its performance is evaluated on a validation set. The experimental results show that the proposed model achieves an F1 score of 0.991 and an accuracy of 0.978, indicating its effectiveness in real-time warning of civil aviation over-limit.",http://arxiv.org/abs/2305.04618v1
2305.09777,BSGAN: A Novel Oversampling Technique for Imbalanced Pattern Recognitions,Md Manjurul Ahsan; Shivakumar Raman; Zahed Siddique,2023-05-16,class_imbalance,5,"Class imbalanced problems (CIP) are one of the potential challenges in developing unbiased Machine Learning (ML) models for predictions. CIP occurs when data samples are not equally distributed between the two or multiple classes. Borderline-Synthetic Minority Oversampling Techniques (SMOTE) is one of the approaches that has been used to balance the imbalance data by oversampling the minor (limited) samples. One of the potential drawbacks of existing Borderline-SMOTE is that it focuses on the data samples that lay at the border point and gives more attention to the extreme observations, ultimately limiting the creation of more diverse data after oversampling, and that is the almost scenario for the most of the borderline-SMOTE based oversampling strategies. As an effect, marginalization occurs after oversampling. To address these issues, in this work, we propose a hybrid oversampling technique by combining the power of borderline SMOTE and Generative Adversarial Network to generate more diverse data that follow Gaussian distributions. We named it BSGAN and tested it on four highly imbalanced datasets: Ecoli, Wine quality, Yeast, and Abalone. Our preliminary computational results reveal that BSGAN outperformed existing borderline SMOTE and GAN-based oversampling techniques and created a more diverse dataset that follows normal distribution after oversampling effect.",http://arxiv.org/abs/2305.09777v1
2305.10668,MetaGAD: Meta Representation Adaptation for Few-Shot Graph Anomaly Detection,Xiongxiao Xu; Kaize Ding; Canyu Chen; Kai Shu,2023-05-18,anomaly_detection,6,"Graph anomaly detection has long been an important problem in various domains pertaining to information security such as financial fraud, social spam and network intrusion. The majority of existing methods are performed in an unsupervised manner, as labeled anomalies in a large scale are often too expensive to acquire. However, the identified anomalies may turn out to be uninteresting data instances due to the lack of prior knowledge. In real-world scenarios, it is often feasible to obtain limited labeled anomalies, which have great potential to advance graph anomaly detection. However, the work exploring limited labeled anomalies and a large amount of unlabeled nodes in graphs to detect anomalies is relatively limited. Therefore, in this paper, we study an important problem of few-shot graph anomaly detection. Nonetheless, it is challenging to fully leverage the information of few-shot anomalous nodes due to the irregularity of anomalies and the overfitting issue in the few-shot learning. To tackle the above challenges, we propose a novel meta-learning based framework, MetaGAD, that learns to adapt the knowledge from self-supervised learning to few-shot supervised learning for graph anomaly detection. In specific, we formulate the problem as a bi-level optimization, ensuring MetaGAD converging to minimizing the validation loss, thus enhancing the generalization capacity. The comprehensive experiments on six real-world datasets with synthetic anomalies and ""organic"" anomalies (available in the datasets) demonstrate the effectiveness of MetaGAD in detecting anomalies with few-shot anomalies. The code is available at https://github.com/XiongxiaoXu/MetaGAD.",http://arxiv.org/abs/2305.10668v2
2305.13472,A comprehensive theoretical framework for the optimization of neural networks classification performance with respect to weighted metrics,Francesco Marchetti; Sabrina Guastavino; Cristina Campi; Federico Benvenuto; Michele Piana,2023-05-22,class_imbalance,5,"In many contexts, customized and weighted classification scores are designed in order to evaluate the goodness of the predictions carried out by neural networks. However, there exists a discrepancy between the maximization of such scores and the minimization of the loss function in the training phase. In this paper, we provide a complete theoretical setting that formalizes weighted classification metrics and then allows the construction of losses that drive the model to optimize these metrics of interest. After a detailed theoretical analysis, we show that our framework includes as particular instances well-established approaches such as classical cost-sensitive learning, weighted cross entropy loss functions and value-weighted skill scores.",http://arxiv.org/abs/2305.13472v1
2306.07114,Coupled Attention Networks for Multivariate Time Series Anomaly Detection,Feng Xia; Xin Chen; Shuo Yu; Mingliang Hou; Mujie Liu; Linlin You,2023-06-12,anomaly_detection,27,"Multivariate time series anomaly detection (MTAD) plays a vital role in a wide variety of real-world application domains. Over the past few years, MTAD has attracted rapidly increasing attention from both academia and industry. Many deep learning and graph learning models have been developed for effective anomaly detection in multivariate time series data, which enable advanced applications such as smart surveillance and risk management with unprecedented capabilities. Nevertheless, MTAD is facing critical challenges deriving from the dependencies among sensors and variables, which often change over time. To address this issue, we propose a coupled attention-based neural network framework (CAN) for anomaly detection in multivariate time series data featuring dynamic variable relationships. We combine adaptive graph learning methods with graph attention to generate a global-local graph that can represent both global correlations and dynamic local correlations among sensors. To capture inter-sensor relationships and temporal dependencies, a convolutional neural network based on the global-local graph is integrated with a temporal self-attention module to construct a coupled attention module. In addition, we develop a multilevel encoder-decoder architecture that accommodates reconstruction and prediction tasks to better characterize multivariate time series data. Extensive experiments on real-world datasets have been conducted to evaluate the performance of the proposed CAN approach, and the results show that CAN significantly outperforms state-of-the-art baselines.",http://arxiv.org/abs/2306.07114v1
2306.07566,Learning with Selectively Labeled Data from Multiple Decision-makers,Jian Chen; Zhehao Li; Xiaojie Mao,2023-06-13,class_imbalance,3,"We study the problem of classification with selectively labeled data, whose distribution may differ from the full population due to historical decision-making. We exploit the fact that in many applications historical decisions were made by multiple decision-makers, each with different decision rules. We analyze this setup under a principled instrumental variable (IV) framework and rigorously study the identification of classification risk. We establish conditions for the exact identification of classification risk and derive tight partial identification bounds when exact identification fails. We further propose a unified cost-sensitive learning (UCL) approach to learn classifiers robust to selection bias in both identification settings. Finally, we theoretically and numerically validate the efficacy of our proposed method.",http://arxiv.org/abs/2306.07566v4
2307.01224,INGB: Informed Nonlinear Granular Ball Oversampling Framework for Noisy Imbalanced Classification,Min Li; Hao Zhou; Qun Liu; Yabin Shao; Guoying Wang,2023-07-03,class_imbalance,2,"In classification problems, the datasets are usually imbalanced, noisy or complex. Most sampling algorithms only make some improvements to the linear sampling mechanism of the synthetic minority oversampling technique (SMOTE). Nevertheless, linear oversampling has several unavoidable drawbacks. Linear oversampling is susceptible to overfitting, and the synthetic samples lack diversity and rarely account for the original distribution characteristics. An informed nonlinear oversampling framework with the granular ball (INGB) as a new direction of oversampling is proposed in this paper. It uses granular balls to simulate the spatial distribution characteristics of datasets, and informed entropy is utilized to further optimize the granular-ball space. Then, nonlinear oversampling is performed by following high-dimensional sparsity and the isotropic Gaussian distribution. Furthermore, INGB has good compatibility. Not only can it be combined with most SMOTE-based sampling algorithms to improve their performance, but it can also be easily extended to noisy imbalanced multi-classification problems. The mathematical model and theoretical proof of INGB are given in this work. Extensive experiments demonstrate that INGB outperforms the traditional linear sampling frameworks and algorithms in oversampling on complex datasets.",http://arxiv.org/abs/2307.01224v1
2307.02694,Loss Functions and Metrics in Deep Learning,Juan Terven; Diana M. Cordova-Esparza; Alfonso Ramirez-Pedraza; Edgar A. Chavez-Urbiola; Julio A. Romero-Gonzalez,2023-07-05,class_imbalance,341,"This paper presents a comprehensive review of loss functions and performance metrics in deep learning, highlighting key developments and practical insights across diverse application areas. We begin by outlining fundamental considerations in classic tasks such as regression and classification, then extend our analysis to specialized domains like computer vision and natural language processing including retrieval-augmented generation. In each setting, we systematically examine how different loss functions and evaluation metrics can be paired to address task-specific challenges such as class imbalance, outliers, and sequence-level optimization. Key contributions of this work include: (1) a unified framework for understanding how losses and metrics align with different learning objectives, (2) an in-depth discussion of multi-loss setups that balance competing goals, and (3) new insights into specialized metrics used to evaluate modern applications like retrieval-augmented generation, where faithfulness and context relevance are pivotal. Along the way, we highlight best practices for selecting or combining losses and metrics based on empirical behaviors and domain constraints. Finally, we identify open problems and promising directions, including the automation of loss-function search and the development of robust, interpretable evaluation measures for increasingly complex deep learning tasks. Our review aims to equip researchers and practitioners with clearer guidance in designing effective training pipelines and reliable model assessments for a wide spectrum of real-world applications.",http://arxiv.org/abs/2307.02694v5
2307.04097,Restricted Generative Projection for One-Class Classification and Anomaly Detection,Feng Xiao; Ruoyu Sun; Jicong Fan,2023-07-09,anomaly_detection,4,"We present a simple framework for one-class classification and anomaly detection. The core idea is to learn a mapping to transform the unknown distribution of training (normal) data to a known target distribution. Crucially, the target distribution should be sufficiently simple, compact, and informative. The simplicity is to ensure that we can sample from the distribution easily, the compactness is to ensure that the decision boundary between normal data and abnormal data is clear and reliable, and the informativeness is to ensure that the transformed data preserve the important information of the original data. Therefore, we propose to use truncated Gaussian, uniform in hypersphere, uniform on hypersphere, or uniform between hyperspheres, as the target distribution. We then minimize the distance between the transformed data distribution and the target distribution while keeping the reconstruction error for the original data small enough. Comparative studies on multiple benchmark datasets verify the effectiveness of our methods in comparison to baselines.",http://arxiv.org/abs/2307.04097v1
2307.05638,"A Comprehensive Survey of Deep Transfer Learning for Anomaly Detection in Industrial Time Series: Methods, Applications, and Directions",Peng Yan; Ahmed Abdulkadir; Paul-Philipp Luley; Matthias Rosenthal; Gerrit A. Schatte; Benjamin F. Grewe; Thilo Stadelmann,2023-07-11,anomaly_detection,201,"Automating the monitoring of industrial processes has the potential to enhance efficiency and optimize quality by promptly detecting abnormal events and thus facilitating timely interventions. Deep learning, with its capacity to discern non-trivial patterns within large datasets, plays a pivotal role in this process. Standard deep learning methods are suitable to solve a specific task given a specific type of data. During training, deep learning demands large volumes of labeled data. However, due to the dynamic nature of the industrial processes and environment, it is impractical to acquire large-scale labeled data for standard deep learning training for every slightly different case anew. Deep transfer learning offers a solution to this problem. By leveraging knowledge from related tasks and accounting for variations in data distributions, the transfer learning framework solves new tasks with little or even no additional labeled data. The approach bypasses the need to retrain a model from scratch for every new setup and dramatically reduces the labeled data requirement. This survey first provides an in-depth review of deep transfer learning, examining the problem settings of transfer learning and classifying the prevailing deep transfer learning methods. Moreover, we delve into applications of deep transfer learning in the context of a broad spectrum of time series anomaly detection tasks prevalent in primary industrial domains, e.g., manufacturing process monitoring, predictive maintenance, energy management, and infrastructure facility monitoring. We discuss the challenges and limitations of deep transfer learning in industrial contexts and conclude the survey with practical directions and actionable suggestions to address the need to leverage diverse time series data for anomaly detection in an increasingly dynamic production environment.",http://arxiv.org/abs/2307.05638v2
2307.08390,Correlation-aware Spatial-Temporal Graph Learning for Multivariate Time-series Anomaly Detection,Yu Zheng; Huan Yee Koh; Ming Jin; Lianhua Chi; Khoa T. Phan; Shirui Pan; Yi-Ping Phoebe Chen; Wei Xiang,2023-07-17,anomaly_detection,95,"Multivariate time-series anomaly detection is critically important in many applications, including retail, transportation, power grid, and water treatment plants. Existing approaches for this problem mostly employ either statistical models which cannot capture the non-linear relations well or conventional deep learning models (e.g., CNN and LSTM) that do not explicitly learn the pairwise correlations among variables. To overcome these limitations, we propose a novel method, correlation-aware spatial-temporal graph learning (termed CST-GL), for time series anomaly detection. CST-GL explicitly captures the pairwise correlations via a multivariate time series correlation learning module based on which a spatial-temporal graph neural network (STGNN) can be developed. Then, by employing a graph convolution network that exploits one- and multi-hop neighbor information, our STGNN component can encode rich spatial information from complex pairwise dependencies between variables. With a temporal module that consists of dilated convolutional functions, the STGNN can further capture long-range dependence over time. A novel anomaly scoring component is further integrated into CST-GL to estimate the degree of an anomaly in a purely unsupervised manner. Experimental results demonstrate that CST-GL can detect anomalies effectively in general settings as well as enable early detection across different time delays.",http://arxiv.org/abs/2307.08390v2
2307.10455,A Step Towards Worldwide Biodiversity Assessment: The BIOSCAN-1M Insect Dataset,Zahra Gharaee; ZeMing Gong; Nicholas Pellegrino; Iuliia Zarubiieva; Joakim Bruslund Haurum; Scott C. Lowe; Jaclyn T. A. McKeown; Chris C. Y. Ho; Joschka McLeod; Yi-Yun C Wei; Jireh Agda; Sujeevan Ratnasingham; Dirk Steinke; Angel X. Chang; Graham W. Taylor; Paul Fieguth,2023-07-19,class_imbalance,48,"In an effort to catalog insect biodiversity, we propose a new large dataset of hand-labelled insect images, the BIOSCAN-Insect Dataset. Each record is taxonomically classified by an expert, and also has associated genetic information including raw nucleotide barcode sequences and assigned barcode index numbers, which are genetically-based proxies for species classification. This paper presents a curated million-image dataset, primarily to train computer-vision models capable of providing image-based taxonomic assessment, however, the dataset also presents compelling characteristics, the study of which would be of interest to the broader machine learning community. Driven by the biological nature inherent to the dataset, a characteristic long-tailed class-imbalance distribution is exhibited. Furthermore, taxonomic labelling is a hierarchical classification scheme, presenting a highly fine-grained classification problem at lower levels. Beyond spurring interest in biodiversity research within the machine learning community, progress on creating an image-based taxonomic classifier will also further the ultimate goal of all BIOSCAN research: to lay the foundation for a comprehensive survey of global biodiversity. This paper introduces the dataset and explores the classification task through the implementation and analysis of a baseline classifier.",http://arxiv.org/abs/2307.10455v3
2308.01063,Graph Anomaly Detection at Group Level: A Topology Pattern Enhanced Unsupervised Approach,Xing Ai; Jialong Zhou; Yulin Zhu; Gaolei Li; Tomasz P. Michalak; Xiapu Luo; Kai Zhou,2023-08-02,anomaly_detection,9,"Graph anomaly detection (GAD) has achieved success and has been widely applied in various domains, such as fraud detection, cybersecurity, finance security, and biochemistry. However, existing graph anomaly detection algorithms focus on distinguishing individual entities (nodes or graphs) and overlook the possibility of anomalous groups within the graph. To address this limitation, this paper introduces a novel unsupervised framework for a new task called Group-level Graph Anomaly Detection (Gr-GAD). The proposed framework first employs a variant of Graph AutoEncoder (GAE) to locate anchor nodes that belong to potential anomaly groups by capturing long-range inconsistencies. Subsequently, group sampling is employed to sample candidate groups, which are then fed into the proposed Topology Pattern-based Graph Contrastive Learning (TPGCL) method. TPGCL utilizes the topology patterns of groups as clues to generate embeddings for each candidate group and thus distinct anomaly groups. The experimental results on both real-world and synthetic datasets demonstrate that the proposed framework shows superior performance in identifying and localizing anomaly groups, highlighting it as a promising solution for Gr-GAD. Datasets and codes of the proposed framework are at the github repository https://anonymous.4open.science/r/Topology-Pattern-Enhanced-Unsupervised-Group-level-Graph-Anomaly-Detection.",http://arxiv.org/abs/2308.01063v1
2308.02966,Generalized Oversampling for Learning from Imbalanced datasets and Associated Theory,Samuel Stocksieker; Denys Pommeret; Arthur Charpentier,2023-08-05,class_imbalance,4,"In supervised learning, it is quite frequent to be confronted with real imbalanced datasets. This situation leads to a learning difficulty for standard algorithms. Research and solutions in imbalanced learning have mainly focused on classification tasks. Despite its importance, very few solutions exist for imbalanced regression. In this paper, we propose a data augmentation procedure, the GOLIATH algorithm, based on kernel density estimates which can be used in classification and regression. This general approach encompasses two large families of synthetic oversampling: those based on perturbations, such as Gaussian Noise, and those based on interpolations, such as SMOTE. It also provides an explicit form of these machine learning algorithms and an expression of their conditional densities, in particular for SMOTE. New synthetic data generators are deduced. We apply GOLIATH in imbalanced regression combining such generator procedures with a wild-bootstrap resampling technique for the target values. We evaluate the performance of the GOLIATH algorithm in imbalanced regression situations. We empirically evaluate and compare our approach and demonstrate significant improvement over existing state-of-the-art techniques.",http://arxiv.org/abs/2308.02966v1
2308.10918,Label-based Graph Augmentation with Metapath for Graph Anomaly Detection,Hwan Kim; Junghoon Kim; Byung Suk Lee; Sungsu Lim,2023-08-21,anomaly_detection,3,"Graph anomaly detection has attracted considerable attention from various domain ranging from network security to finance in recent years. Due to the fact that labeling is very costly, existing methods are predominately developed in an unsupervised manner. However, the detected anomalies may be found out uninteresting instances due to the absence of prior knowledge regarding the anomalies looking for. This issue may be solved by using few labeled anomalies as prior knowledge. In real-world scenarios, we can easily obtain few labeled anomalies. Efficiently leveraging labelled anomalies as prior knowledge is crucial for graph anomaly detection; however, this process remains challenging due to the inherently limited number of anomalies available. To address the problem, we propose a novel approach that leverages metapath to embed actual connectivity patterns between anomalous and normal nodes. To further efficiently exploit context information from metapath-based anomaly subgraph, we present a new framework, Metapath-based Graph Anomaly Detection (MGAD), incorporating GCN layers in both the dual-encoders and decoders to efficiently propagate context information between abnormal and normal nodes. Specifically, MGAD employs GNN-based graph autoencoder as its backbone network. Moreover, dual encoders capture the complex interactions and metapath-based context information between labeled and unlabeled nodes both globally and locally. Through a comprehensive set of experiments conducted on seven real-world networks, this paper demonstrates the superiority of the MGAD method compared to state-of-the-art techniques. The code is available at https://github.com/missinghwan/MGAD.",http://arxiv.org/abs/2308.10918v2
2308.11659,An engine to simulate insurance fraud network data,Bavo D. C. Campo; Katrien Antonio,2023-08-21,fraud_detection,2,"Traditionally, the detection of fraudulent insurance claims relies on business rules and expert judgement which makes it a time-consuming and expensive process (Óskarsdóttir et al., 2022). Consequently, researchers have been examining ways to develop efficient and accurate analytic strategies to flag suspicious claims. Feeding learning methods with features engineered from the social network of parties involved in a claim is a particularly promising strategy (see for example Van Vlasselaer et al. (2016); Tumminello et al. (2023)). When developing a fraud detection model, however, we are confronted with several challenges. The uncommon nature of fraud, for example, creates a high class imbalance which complicates the development of well performing analytic classification models. In addition, only a small number of claims are investigated and get a label, which results in a large corpus of unlabeled data. Yet another challenge is the lack of publicly available data. This hinders not only the development of new methods, but also the validation of existing techniques. We therefore design a simulation machine that is engineered to create synthetic data with a network structure and available covariates similar to the real life insurance fraud data set analyzed in Óskarsdóttir et al. (2022). Further, the user has control over several data-generating mechanisms. We can specify the total number of policyholders and parties, the desired level of imbalance and the (effect size of the) features in the fraud generating model. As such, the simulation engine enables researchers and practitioners to examine several methodological challenges as well as to test their (development strategy of) insurance fraud detection models in a range of different settings. Moreover, large synthetic data sets can be generated to evaluate the predictive performance of (advanced) machine learning techniques.",http://arxiv.org/abs/2308.11659v2
2308.11898,Exploring the Optimization Objective of One-Class Classification for Anomaly Detection,Han Gao; Huiyuan Luo; Fei Shen; Zhengtao Zhang,2023-08-23,anomaly_detection,1,"One-class classification (OCC) is a longstanding method for anomaly detection. With the powerful representation capability of the pre-trained backbone, OCC methods have witnessed significant performance improvements. Typically, most of these OCC methods employ transfer learning to enhance the discriminative nature of the pre-trained backbone's features, thus achieving remarkable efficacy. While most current approaches emphasize feature transfer strategies, we argue that the optimization objective space within OCC methods could also be an underlying critical factor influencing performance. In this work, we conducted a thorough investigation into the optimization objective of OCC. Through rigorous theoretical analysis and derivation, we unveil a key insights: any space with the suitable norm can serve as an equivalent substitute for the hypersphere center, without relying on the distribution assumption of training samples. Further, we provide guidelines for determining the feasible domain of norms for the OCC optimization objective. This novel insight sparks a simple and data-agnostic deep one-class classification method. Our method is straightforward, with a single 1x1 convolutional layer as a trainable projector and any space with suitable norm as the optimization objective. Extensive experiments validate the reliability and efficacy of our findings and the corresponding methodology, resulting in state-of-the-art performance in both one-class classification and industrial vision anomaly detection and segmentation tasks.",http://arxiv.org/abs/2308.11898v2
2308.15457,From SMOTE to Mixup for Deep Imbalanced Classification,Wei-Chao Cheng; Tan-Ha Mai; Hsuan-Tien Lin,2023-08-29,class_imbalance,12,"Given imbalanced data, it is hard to train a good classifier using deep learning because of the poor generalization of minority classes. Traditionally, the well-known synthetic minority oversampling technique (SMOTE) for data augmentation, a data mining approach for imbalanced learning, has been used to improve this generalization. However, it is unclear whether SMOTE also benefits deep learning. In this work, we study why the original SMOTE is insufficient for deep learning, and enhance SMOTE using soft labels. Connecting the resulting soft SMOTE with Mixup, a modern data augmentation technique, leads to a unified framework that puts traditional and modern data augmentation techniques under the same umbrella. A careful study within this framework shows that Mixup improves generalization by implicitly achieving uneven margins between majority and minority classes. We then propose a novel margin-aware Mixup technique that more explicitly achieves uneven margins. Extensive experimental results demonstrate that our proposed technique yields state-of-the-art performance on deep imbalanced classification while achieving superior performance on extremely imbalanced data. The code is open-sourced in our developed package https://github.com/ntucllab/imbalanced-DL to foster future research in this direction.",http://arxiv.org/abs/2308.15457v2
2309.01127,Financial Fraud Detection using Quantum Graph Neural Networks,Nouhaila Innan; Abhishek Sawaika; Ashim Dhor; Siddhant Dutta; Sairupa Thota; Husayn Gokal; Nandan Patel; Muhammad Al-Zafar Khan; Ioannis Theodonis; Mohamed Bennai,2023-09-03,fraud_detection,130,"Financial fraud detection is essential for preventing significant financial losses and maintaining the reputation of financial institutions. However, conventional methods of detecting financial fraud have limited effectiveness, necessitating the need for new approaches to improve detection rates. In this paper, we propose a novel approach for detecting financial fraud using Quantum Graph Neural Networks (QGNNs). QGNNs are a type of neural network that can process graph-structured data and leverage the power of Quantum Computing (QC) to perform computations more efficiently than classical neural networks. Our approach uses Variational Quantum Circuits (VQC) to enhance the performance of the QGNN. In order to evaluate the efficiency of our proposed method, we compared the performance of QGNNs to Classical Graph Neural Networks using a real-world financial fraud detection dataset. The results of our experiments showed that QGNNs achieved an AUC of $0.85$, which outperformed classical GNNs. Our research highlights the potential of QGNNs and suggests that QGNNs are a promising new approach for improving financial fraud detection.",http://arxiv.org/abs/2309.01127v1
2309.09465,Active anomaly detection based on deep one-class classification,Minkyung Kim; Junsik Kim; Jongmin Yu; Jun Kyun Choi,2023-09-18,anomaly_detection,25,"Active learning has been utilized as an efficient tool in building anomaly detection models by leveraging expert feedback. In an active learning framework, a model queries samples to be labeled by experts and re-trains the model with the labeled data samples. It unburdens in obtaining annotated datasets while improving anomaly detection performance. However, most of the existing studies focus on helping experts identify as many abnormal data samples as possible, which is a sub-optimal approach for one-class classification-based deep anomaly detection. In this paper, we tackle two essential problems of active learning for Deep SVDD: query strategy and semi-supervised learning method. First, rather than solely identifying anomalies, our query strategy selects uncertain samples according to an adaptive boundary. Second, we apply noise contrastive estimation in training a one-class classification model to incorporate both labeled normal and abnormal data effectively. We analyze that the proposed query strategy and semi-supervised loss individually improve an active learning process of anomaly detection and further improve when combined together on seven anomaly detection datasets.",http://arxiv.org/abs/2309.09465v1
2309.14880,Credit Card Fraud Detection with Subspace Learning-based One-Class Classification,Zaffar Zaffar; Fahad Sohrab; Juho Kanniainen; Moncef Gabbouj,2023-09-26,class_imbalance;fraud_detection,10,"In an increasingly digitalized commerce landscape, the proliferation of credit card fraud and the evolution of sophisticated fraudulent techniques have led to substantial financial losses. Automating credit card fraud detection is a viable way to accelerate detection, reducing response times and minimizing potential financial losses. However, addressing this challenge is complicated by the highly imbalanced nature of the datasets, where genuine transactions vastly outnumber fraudulent ones. Furthermore, the high number of dimensions within the feature set gives rise to the ``curse of dimensionality"". In this paper, we investigate subspace learning-based approaches centered on One-Class Classification (OCC) algorithms, which excel in handling imbalanced data distributions and possess the capability to anticipate and counter the transactions carried out by yet-to-be-invented fraud techniques. The study highlights the potential of subspace learning-based OCC algorithms by investigating the limitations of current fraud detection strategies and the specific challenges of credit card fraud detection. These algorithms integrate subspace learning into the data description; hence, the models transform the data into a lower-dimensional subspace optimized for OCC. Through rigorous experimentation and analysis, the study validated that the proposed approach helps tackle the curse of dimensionality and the imbalanced nature of credit card data for automatic fraud detection to mitigate financial losses caused by fraudulent activities.",http://arxiv.org/abs/2309.14880v1
2310.00511,Nonparametric active learning for cost-sensitive classification,Boris Ndjia Njike; Xavier Siebert,2023-09-30,class_imbalance,1,"Cost-sensitive learning is a common type of machine learning problem where different errors of prediction incur different costs. In this paper, we design a generic nonparametric active learning algorithm for cost-sensitive classification. Based on the construction of confidence bounds for the expected prediction cost functions of each label, our algorithm sequentially selects the most informative vector points. Then it interacts with them by only querying the costs of prediction that could be the smallest. We prove that our algorithm attains optimal rate of convergence in terms of the number of interactions with the feature vector space. Furthermore, in terms of a general version of Tsybakov's noise assumption, the gain over the corresponding passive learning is explicitly characterized by the probability-mass of the boundary decision. Additionally, we prove the near-optimality of obtained upper bounds by providing matching (up to logarithmic factor) lower bounds.",http://arxiv.org/abs/2310.00511v1
2310.08867,A Survey of Methods for Handling Disk Data Imbalance,Shuangshuang Yuan; Peng Wu; Yuehui Chen; Qiang Li,2023-10-13,class_imbalance,0,"Class imbalance exists in many classification problems, and since the data is designed for accuracy, imbalance in data classes can lead to classification challenges with a few classes having higher misclassification costs. The Backblaze dataset, a widely used dataset related to hard discs, has a small amount of failure data and a large amount of health data, which exhibits a serious class imbalance. This paper provides a comprehensive overview of research in the field of imbalanced data classification. The discussion is organized into three main aspects: data-level methods, algorithmic-level methods, and hybrid methods. For each type of method, we summarize and analyze the existing problems, algorithmic ideas, strengths, and weaknesses. Additionally, the challenges of unbalanced data classification are discussed, along with strategies to address them. It is convenient for researchers to choose the appropriate method according to their needs.",http://arxiv.org/abs/2310.08867v1
2311.06153,GRAM: An Interpretable Approach for Graph Anomaly Detection using Gradient Attention Maps,Yifei Yang; Peng Wang; Xiaofan He; Dongmian Zou,2023-11-10,anomaly_detection,13,"Detecting unusual patterns in graph data is a crucial task in data mining. However, existing methods face challenges in consistently achieving satisfactory performance and often lack interpretability, which hinders our understanding of anomaly detection decisions. In this paper, we propose a novel approach to graph anomaly detection that leverages the power of interpretability to enhance performance. Specifically, our method extracts an attention map derived from gradients of graph neural networks, which serves as a basis for scoring anomalies. Notably, our approach is flexible and can be used in various anomaly detection settings. In addition, we conduct theoretical analysis using synthetic data to validate our method and gain insights into its decision-making process. To demonstrate the effectiveness of our method, we extensively evaluate our approach against state-of-the-art graph anomaly detection techniques on real-world graph classification and wireless network datasets. The results consistently demonstrate the superior performance of our method compared to the baselines.",http://arxiv.org/abs/2311.06153v2
2311.10370,Few-shot Message-Enhanced Contrastive Learning for Graph Anomaly Detection,Fan Xu; Nan Wang; Xuezhi Wen; Meiqi Gao; Chaoqun Guo; Xibin Zhao,2023-11-17,anomaly_detection,15,"Graph anomaly detection plays a crucial role in identifying exceptional instances in graph data that deviate significantly from the majority. It has gained substantial attention in various domains of information security, including network intrusion, financial fraud, and malicious comments, et al. Existing methods are primarily developed in an unsupervised manner due to the challenge in obtaining labeled data. For lack of guidance from prior knowledge in unsupervised manner, the identified anomalies may prove to be data noise or individual data instances. In real-world scenarios, a limited batch of labeled anomalies can be captured, making it crucial to investigate the few-shot problem in graph anomaly detection. Taking advantage of this potential, we propose a novel few-shot Graph Anomaly Detection model called FMGAD (Few-shot Message-Enhanced Contrastive-based Graph Anomaly Detector). FMGAD leverages a self-supervised contrastive learning strategy within and across views to capture intrinsic and transferable structural representations. Furthermore, we propose the Deep-GNN message-enhanced reconstruction module, which extensively exploits the few-shot label information and enables long-range propagation to disseminate supervision signals to deeper unlabeled nodes. This module in turn assists in the training of self-supervised contrastive learning. Comprehensive experimental results on six real-world datasets demonstrate that FMGAD can achieve better performance than other state-of-the-art methods, regardless of artificially injected anomalies or domain-organic anomalies.",http://arxiv.org/abs/2311.10370v1
2312.05526,Reinforcement Neighborhood Selection for Unsupervised Graph Anomaly Detection,Yuanchen Bei; Sheng Zhou; Qiaoyu Tan; Hao Xu; Hao Chen; Zhao Li; Jiajun Bu,2023-12-09,anomaly_detection,22,"Unsupervised graph anomaly detection is crucial for various practical applications as it aims to identify anomalies in a graph that exhibit rare patterns deviating significantly from the majority of nodes. Recent advancements have utilized Graph Neural Networks (GNNs) to learn high-quality node representations for anomaly detection by aggregating information from neighborhoods. However, the presence of anomalies may render the observed neighborhood unreliable and result in misleading information aggregation for node representation learning. Selecting the proper neighborhood is critical for graph anomaly detection but also challenging due to the absence of anomaly-oriented guidance and the interdependence with representation learning. To address these issues, we utilize the advantages of reinforcement learning in adaptively learning in complex environments and propose a novel method that incorporates Reinforcement neighborhood selection for unsupervised graph ANomaly Detection (RAND). RAND begins by enriching the candidate neighbor pool of the given central node with multiple types of indirect neighbors. Next, RAND designs a tailored reinforcement anomaly evaluation module to assess the reliability and reward of considering the given neighbor. Finally, RAND selects the most reliable subset of neighbors based on these rewards and introduces an anomaly-aware aggregator to amplify messages from reliable neighbors while diminishing messages from unreliable ones. Extensive experiments on both three synthetic and two real-world datasets demonstrate that RAND outperforms the state-of-the-art methods.",http://arxiv.org/abs/2312.05526v1
2312.14535,ADA-GAD: Anomaly-Denoised Autoencoders for Graph Anomaly Detection,Junwei He; Qianqian Xu; Yangbangyan Jiang; Zitai Wang; Qingming Huang,2023-12-22,anomaly_detection,88,"Graph anomaly detection is crucial for identifying nodes that deviate from regular behavior within graphs, benefiting various domains such as fraud detection and social network. Although existing reconstruction-based methods have achieved considerable success, they may face the \textit{Anomaly Overfitting} and \textit{Homophily Trap} problems caused by the abnormal patterns in the graph, breaking the assumption that normal nodes are often better reconstructed than abnormal ones. Our observations indicate that models trained on graphs with fewer anomalies exhibit higher detection performance. Based on this insight, we introduce a novel two-stage framework called Anomaly-Denoised Autoencoders for Graph Anomaly Detection (ADA-GAD). In the first stage, we design a learning-free anomaly-denoised augmentation method to generate graphs with reduced anomaly levels. We pretrain graph autoencoders on these augmented graphs at multiple levels, which enables the graph autoencoders to capture normal patterns. In the next stage, the decoders are retrained for detection on the original graph, benefiting from the multi-level representations learned in the previous stage. Meanwhile, we propose the node anomaly distribution regularization to further alleviate \textit{Anomaly Overfitting}. We validate the effectiveness of our approach through extensive experiments on both synthetic and real-world datasets.",http://arxiv.org/abs/2312.14535v1
2312.16043,An extended asymmetric sigmoid with Perceptron (SIGTRON) for imbalanced linear classification,Hyenkyun Woo,2023-12-26,class_imbalance,0,"This article presents a new polynomial parameterized sigmoid called SIGTRON, which is an extended asymmetric sigmoid with Perceptron, and its companion convex model called SIGTRON-imbalanced classification (SIC) model that employs a virtual SIGTRON-induced convex loss function. In contrast to the conventional $π$-weighted cost-sensitive learning model, the SIC model does not have an external $π$-weight on the loss function but has internal parameters in the virtual SIGTRON-induced loss function. As a consequence, when the given training dataset is close to the well-balanced condition considering the (scale-)class-imbalance ratio, we show that the proposed SIC model is more adaptive to variations of the dataset, such as the inconsistency of the (scale-)class-imbalance ratio between the training and test datasets. This adaptation is justified by a skewed hyperplane equation, created via linearization of the gradient satisfying $ε$-optimal condition. Additionally, we present a quasi-Newton optimization(L-BFGS) framework for the virtual convex loss by developing an interval-based bisection line search. Empirically, we have observed that the proposed approach outperforms (or is comparable to) $π$-weighted convex focal loss and balanced classifier LIBLINEAR(logistic regression, SVM, and L2SVM) in terms of test classification accuracy with $51$ two-class and $67$ multi-class datasets. In binary classification problems, where the scale-class-imbalance ratio of the training dataset is not significant but the inconsistency exists, a group of SIC models with the best test accuracy for each dataset (TOP$1$) outperforms LIBSVM(C-SVC with RBF kernel), a well-known kernel-based classifier.",http://arxiv.org/abs/2312.16043v3
2401.03151,Semi-supervised learning via DQN for log anomaly detection,Yingying He; Xiaobing Pei,2024-01-06,class_imbalance,6,"Log anomaly detection is a critical component in modern software system security and maintenance, serving as a crucial support and basis for system monitoring, operation, and troubleshooting. It aids operations personnel in timely identification and resolution of issues. However, current methods in log anomaly detection still face challenges such as underutilization of unlabeled data, imbalance between normal and anomaly class data, and high rates of false positives and false negatives, leading to insufficient effectiveness in anomaly recognition. In this study, we propose a semi-supervised log anomaly detection method named DQNLog, which integrates deep reinforcement learning to enhance anomaly detection performance by leveraging a small amount of labeled data and large-scale unlabeled data. To address issues of imbalanced data and insufficient labeling, we design a state transition function biased towards anomalies based on cosine similarity, aiming to capture semantic-similar anomalies rather than favoring the majority class. To enhance the model's capability in learning anomalies, we devise a joint reward function that encourages the model to utilize labeled anomalies and explore unlabeled anomalies, thereby reducing false positives and false negatives. Additionally, to prevent the model from deviating from normal trajectories due to misestimation, we introduce a regularization term in the loss function to ensure the model retains prior knowledge during updates. We evaluate DQNLog on three widely used datasets, demonstrating its ability to effectively utilize large-scale unlabeled data and achieve promising results across all experimental datasets.",http://arxiv.org/abs/2401.03151v2
2401.03322,Attention and Autoencoder Hybrid Model for Unsupervised Online Anomaly Detection,Seyed Amirhossein Najafi; Mohammad Hassan Asemani; Peyman Setoodeh,2024-01-06,anomaly_detection,10,"This paper introduces a hybrid attention and autoencoder (AE) model for unsupervised online anomaly detection in time series. The autoencoder captures local structural patterns in short embeddings, while the attention model learns long-term features, facilitating parallel computing with positional encoding. Unique in its approach, our proposed hybrid model combines attention and autoencoder for the first time in time series anomaly detection. It employs an attention-based mechanism, akin to the deep transformer model, with key architectural modifications for predicting the next time step window in the autoencoder's latent space. The model utilizes a threshold from the validation dataset for anomaly detection and introduces an alternative method based on analyzing the first statistical moment of error, improving accuracy without dependence on a validation dataset. Evaluation on diverse real-world benchmark datasets and comparing with other well-established models, confirms the effectiveness of our proposed model in anomaly detection.",http://arxiv.org/abs/2401.03322v1
2401.09793,PatchAD: A Lightweight Patch-based MLP-Mixer for Time Series Anomaly Detection,Zhijie Zhong; Zhiwen Yu; Yiyuan Yang; Weizheng Wang; Kaixiang Yang,2024-01-18,anomaly_detection,44,"Time series anomaly detection is a pivotal task in data analysis, yet it poses the challenge of discerning normal and abnormal patterns in label-deficient scenarios. While prior studies have largely employed reconstruction-based approaches, which limit the models' representational capacities. Moreover, existing deep learning-based methods are not sufficiently lightweight. Addressing these issues, we present PatchAD, our novel, highly efficient multiscale patch-based MLP-Mixer architecture that utilizes contrastive learning for representation extraction and anomaly detection. With its four distinct MLP Mixers and innovative dual project constraint module, PatchAD mitigates potential model degradation and offers a lightweight solution, requiring only $0.403M$ parameters. Its efficacy is demonstrated by state-of-the-art results across $8$ datasets sourced from different application scenarios, outperforming over $30$ comparative algorithms. PatchAD significantly improves the classical F1 score by 6.84%, the Aff-F1 score by 4.27%, and the V-ROC by 2.49%. Simultaneously, an in-depth analysis of the mechanisms underlying PatchAD has been conducted from both theoretical and experimental perspectives, validating the design motivations of the model. The code is publicly available at https://github.com/EmorZz1G/PatchAD.",http://arxiv.org/abs/2401.09793v6
2401.13210,Multitask Active Learning for Graph Anomaly Detection,Wenjing Chang; Kay Liu; Kaize Ding; Philip S. Yu; Jianjun Yu,2024-01-24,anomaly_detection,10,"In the web era, graph machine learning has been widely used on ubiquitous graph-structured data. As a pivotal component for bolstering web security and enhancing the robustness of graph-based applications, the significance of graph anomaly detection is continually increasing. While Graph Neural Networks (GNNs) have demonstrated efficacy in supervised and semi-supervised graph anomaly detection, their performance is contingent upon the availability of sufficient ground truth labels. The labor-intensive nature of identifying anomalies from complex graph structures poses a significant challenge in real-world applications. Despite that, the indirect supervision signals from other tasks (e.g., node classification) are relatively abundant. In this paper, we propose a novel MultItask acTIve Graph Anomaly deTEction framework, namely MITIGATE. Firstly, by coupling node classification tasks, MITIGATE obtains the capability to detect out-of-distribution nodes without known anomalies. Secondly, MITIGATE quantifies the informativeness of nodes by the confidence difference across tasks, allowing samples with conflicting predictions to provide informative yet not excessively challenging information for subsequent training. Finally, to enhance the likelihood of selecting representative nodes that are distant from known patterns, MITIGATE adopts a masked aggregation mechanism for distance measurement, considering both inherent features of nodes and current labeled status. Empirical studies on four datasets demonstrate that MITIGATE significantly outperforms the state-of-the-art methods for anomaly detection. Our code is publicly available at: https://github.com/AhaChang/MITIGATE.",http://arxiv.org/abs/2401.13210v1
2402.03819,Do we need rebalancing strategies? A theoretical and empirical study around SMOTE and its variants,Abdoulaye Sakho; Emmanuel Malherbe; Erwan Scornet,2024-02-06,class_imbalance,16,"Synthetic Minority Oversampling Technique (SMOTE) is a common rebalancing strategy for handling imbalanced tabular data sets. However, few works analyze SMOTE theoretically. In this paper, we derive several non-asymptotic upper bound on SMOTE density. From these results, we prove that SMOTE (with default parameter) tends to copy the original minority samples asymptotically. We confirm and illustrate empirically this first theoretical behavior on a real-world data-set.bFurthermore, we prove that SMOTE density vanishes near the boundary of the support of the minority class distribution. We then adapt SMOTE based on our theoretical findings to introduce two new variants. These strategies are compared on 13 tabular data sets with 10 state-of-the-art rebalancing procedures, including deep generative and diffusion models. One of our key findings is that, for most data sets, applying no rebalancing strategy is competitive in terms of predictive performances, would it be with LightGBM, tuned random forests or logistic regression. However, when the imbalance ratio is artificially augmented, one of our two modifications of SMOTE leads to promising predictive performances compared to SMOTE and other state-of-the-art strategies.",http://arxiv.org/abs/2402.03819v6
2402.08202,Confronting Discrimination in Classification: Smote Based on Marginalized Minorities in the Kernel Space for Imbalanced Data,Lingyun Zhong,2024-02-13,class_imbalance,1,"Financial fraud detection poses a typical challenge characterized by class imbalance, where instances of fraud are extremely rare but can lead to unpredictable economic losses if misidentified. Precisely classifying these critical minority samples represents a challenging task within the classification. The primary difficulty arises from mainstream classifiers, which often exhibit ""implicit discrimination"" against minority samples in evaluation metrics, which results in frequent misclassifications, and the key to the problem lies in the overlap of feature spaces between majority and minority samples. To address these challenges, oversampling is a feasible solution, yet current classical oversampling methods often lack the necessary caution in sample selection, exacerbating feature space overlap. In response, we propose a novel classification oversampling approach based on the decision boundary and sample proximity relationships. This method carefully considers the distance between critical samples and the decision hyperplane, as well as the density of surrounding samples, resulting in an adaptive oversampling strategy in the kernel space. Finally, we test the proposed method on a classic financial fraud dataset, and the results show that our proposed method provides an effective and robust solution that can improve the classification accuracy of minorities.",http://arxiv.org/abs/2402.08202v1
2402.08918,SimMLP: Training MLPs on Graphs without Supervision,Zehong Wang; Zheyuan Zhang; Chuxu Zhang; Yanfang Ye,2024-02-14,fraud_detection,21,"Graph Neural Networks (GNNs) have demonstrated their effectiveness in various graph learning tasks, yet their reliance on neighborhood aggregation during inference poses challenges for deployment in latency-sensitive applications, such as real-time financial fraud detection. To address this limitation, recent studies have proposed distilling knowledge from teacher GNNs into student Multi-Layer Perceptrons (MLPs) trained on node content, aiming to accelerate inference. However, these approaches often inadequately explore structural information when inferring unseen nodes. To this end, we introduce SimMLP, a Self-supervised framework for learning MLPs on graphs, designed to fully integrate rich structural information into MLPs. Notably, SimMLP is the first MLP-learning method that can achieve equivalence to GNNs in the optimal case. The key idea is to employ self-supervised learning to align the representations encoded by graph context-aware GNNs and neighborhood dependency-free MLPs, thereby fully integrating the structural information into MLPs. We provide a comprehensive theoretical analysis, demonstrating the equivalence between SimMLP and GNNs based on mutual information and inductive bias, highlighting SimMLP's advanced structural learning capabilities. Additionally, we conduct extensive experiments on 20 benchmark datasets, covering node classification, link prediction, and graph classification, to showcase SimMLP's superiority over state-of-the-art baselines, particularly in scenarios involving unseen nodes (e.g., inductive and cold-start node classification) where structural insights are crucial. Our codes are available at: https://github.com/Zehong-Wang/SimMLP.",http://arxiv.org/abs/2402.08918v3
2402.14708,CaT-GNN: Enhancing Credit Card Fraud Detection via Causal Temporal Graph Neural Networks,Yifan Duan; Guibin Zhang; Shilong Wang; Xiaojiang Peng; Wang Ziqi; Junyuan Mao; Hao Wu; Xinke Jiang; Kun Wang,2024-02-22,fraud_detection,37,"Credit card fraud poses a significant threat to the economy. While Graph Neural Network (GNN)-based fraud detection methods perform well, they often overlook the causal effect of a node's local structure on predictions. This paper introduces a novel method for credit card fraud detection, the \textbf{\underline{Ca}}usal \textbf{\underline{T}}emporal \textbf{\underline{G}}raph \textbf{\underline{N}}eural \textbf{N}etwork (CaT-GNN), which leverages causal invariant learning to reveal inherent correlations within transaction data. By decomposing the problem into discovery and intervention phases, CaT-GNN identifies causal nodes within the transaction graph and applies a causal mixup strategy to enhance the model's robustness and interpretability. CaT-GNN consists of two key components: Causal-Inspector and Causal-Intervener. The Causal-Inspector utilizes attention weights in the temporal attention mechanism to identify causal and environment nodes without introducing additional parameters. Subsequently, the Causal-Intervener performs a causal mixup enhancement on environment nodes based on the set of nodes. Evaluated on three datasets, including a private financial dataset and two public datasets, CaT-GNN demonstrates superior performance over existing state-of-the-art methods. Our findings highlight the potential of integrating causal reasoning with graph neural networks to improve fraud detection capabilities in financial transactions.",http://arxiv.org/abs/2402.14708v2
2402.15905,Explainable Contrastive and Cost-Sensitive Learning for Cervical Cancer Classification,Ashfiqun Mustari; Rushmia Ahmed; Afsara Tasnim; Jakia Sultana Juthi; G M Shahariar,2024-02-24,class_imbalance,9,"This paper proposes an efficient system for classifying cervical cancer cells using pre-trained convolutional neural networks (CNNs). We first fine-tune five pre-trained CNNs and minimize the overall cost of misclassification by prioritizing accuracy for certain classes that have higher associated costs or importance. To further enhance the performance of the models, supervised contrastive learning is included to make the models more adept at capturing important features and patterns. Extensive experimentation are conducted to evaluate the proposed system on the SIPaKMeD dataset. The experimental results demonstrate the effectiveness of the developed system, achieving an accuracy of 97.29%. To make our system more trustworthy, we have employed several explainable AI techniques to interpret how the models reached a specific decision. The implementation of the system can be found at - https://github.com/isha-67/CervicalCancerStudy.",http://arxiv.org/abs/2402.15905v1
2402.17398,A Quantum Approach to Synthetic Minority Oversampling Technique (SMOTE),Nishikanta Mohanty; Bikash K. Behera; Christopher Ferrie; Pravat Dash,2024-02-27,class_imbalance,25,"The paper proposes the Quantum-SMOTE method, a novel solution that uses quantum computing techniques to solve the prevalent problem of class imbalance in machine learning datasets. Quantum-SMOTE, inspired by the Synthetic Minority Oversampling Technique (SMOTE), generates synthetic data points using quantum processes such as swap tests and quantum rotation. The process varies from the conventional SMOTE algorithm's usage of K-Nearest Neighbors (KNN) and Euclidean distances, enabling synthetic instances to be generated from minority class data points without relying on neighbor proximity. The algorithm asserts greater control over the synthetic data generation process by introducing hyperparameters such as rotation angle, minority percentage, and splitting factor, which allow for customization to specific dataset requirements. Due to the use of a compact swap test, the algorithm can accommodate a large number of features. Furthermore, the approach is tested on a public dataset of Telecom Churn and evaluated alongside two prominent classification algorithms, Random Forest and Logistic Regression, to determine its impact along with varying proportions of synthetic data.",http://arxiv.org/abs/2402.17398v3
2403.02429,Towards efficient deep autoencoders for multivariate time series anomaly detection,Marcin Pietroń; Dominik Żurek; Kamil Faber; Roberto Corizzo,2024-03-04,anomaly_detection,2,"Multivariate time series anomaly detection is a crucial problem in many industrial and research applications. Timely detection of anomalies allows, for instance, to prevent defects in manufacturing processes and failures in cyberphysical systems. Deep learning methods are preferred among others for their accuracy and robustness for the analysis of complex multivariate data. However, a key aspect is being able to extract predictions in a timely manner, to accommodate real-time requirements in different applications. In the case of deep learning models, model reduction is extremely important to achieve optimal results in real-time systems with limited time and memory constraints. In this paper, we address this issue by proposing a novel compression method for deep autoencoders that involves three key factors. First, pruning reduces the number of weights, while preventing catastrophic drops in accuracy by means of a fast search process that identifies high sparsity levels. Second, linear and non-linear quantization reduces model complexity by reducing the number of bits for every single weight. The combined contribution of these three aspects allow the model size to be reduced, by removing a subset of the weights (pruning), and decreasing their bit-width (quantization). As a result, the compressed model is faster and easier to adopt in highly constrained hardware environments. Experiments performed on popular multivariate anomaly detection benchmarks, show that our method is capable of achieving significant model compression ratio (between 80% and 95%) without a significant reduction in the anomaly detection performance.",http://arxiv.org/abs/2403.02429v1
2403.04010,"Three Revisits to Node-Level Graph Anomaly Detection: Outliers, Message Passing and Hyperbolic Neural Networks",Jing Gu; Dongmian Zou,2024-03-06,anomaly_detection,7,"Graph anomaly detection plays a vital role for identifying abnormal instances in complex networks. Despite advancements of methodology based on deep learning in recent years, existing benchmarking approaches exhibit limitations that hinder a comprehensive comparison. In this paper, we revisit datasets and approaches for unsupervised node-level graph anomaly detection tasks from three aspects. Firstly, we introduce outlier injection methods that create more diverse and graph-based anomalies in graph datasets. Secondly, we compare methods employing message passing against those without, uncovering the unexpected decline in performance associated with message passing. Thirdly, we explore the use of hyperbolic neural networks, specifying crucial architecture and loss design that contribute to enhanced performance. Through rigorous experiments and evaluations, our study sheds light on general strategies for improving node-level graph anomaly detection methods.",http://arxiv.org/abs/2403.04010v1
2403.04468,"A Survey of Graph Neural Networks in Real world: Imbalance, Noise, Privacy and OOD Challenges",Wei Ju; Siyu Yi; Yifan Wang; Zhiping Xiao; Zhengyang Mao; Hourun Li; Yiyang Gu; Yifang Qin; Nan Yin; Senzhang Wang; Xinwang Liu; Philip S. Yu; Ming Zhang,2024-03-07,fraud_detection,119,"Graph-structured data exhibits universality and widespread applicability across diverse domains, such as social network analysis, biochemistry, financial fraud detection, and network security. Significant strides have been made in leveraging Graph Neural Networks (GNNs) to achieve remarkable success in these areas. However, in real-world scenarios, the training environment for models is often far from ideal, leading to substantial performance degradation of GNN models due to various unfavorable factors, including imbalance in data distribution, the presence of noise in erroneous data, privacy protection of sensitive information, and generalization capability for out-of-distribution (OOD) scenarios. To tackle these issues, substantial efforts have been devoted to improving the performance of GNN models in practical real-world scenarios, as well as enhancing their reliability and robustness. In this paper, we present a comprehensive survey that systematically reviews existing GNN models, focusing on solutions to the four mentioned real-world challenges including imbalance, noise, privacy, and OOD in practical scenarios that many existing reviews have not considered. Specifically, we first highlight the four key challenges faced by existing GNNs, paving the way for our exploration of real-world GNN models. Subsequently, we provide detailed discussions on these four aspects, dissecting how these solutions contribute to enhancing the reliability and robustness of GNN models. Last but not least, we outline promising directions and offer future perspectives in the field.",http://arxiv.org/abs/2403.04468v2
2403.11219,Causality from Bottom to Top: A Survey,Abraham Itzhak Weinberg; Cristiano Premebida; Diego Resende Faria,2024-03-17,fraud_detection,13,"Causality has become a fundamental approach for explaining the relationships between events, phenomena, and outcomes in various fields of study. It has invaded various fields and applications, such as medicine, healthcare, economics, finance, fraud detection, cybersecurity, education, public policy, recommender systems, anomaly detection, robotics, control, sociology, marketing, and advertising. In this paper, we survey its development over the past five decades, shedding light on the differences between causality and other approaches, as well as the preconditions for using it. Furthermore, the paper illustrates how causality interacts with new approaches such as Artificial Intelligence (AI), Generative AI (GAI), Machine and Deep Learning, Reinforcement Learning (RL), and Fuzzy Logic. We study the impact of causality on various fields, its contribution, and its interaction with state-of-the-art approaches. Additionally, the paper exemplifies the trustworthiness and explainability of causality models. We offer several ways to evaluate causality models and discuss future directions.",http://arxiv.org/abs/2403.11219v1
2403.14151,Trajectory Data Management and Mining: A Survey from Deep Learning to the LLM Era,Wei Chen; Yuanshao Zhu; Yanchuan Chang; Kang Luo; Haomin Wen; Lei Li; Yanwei Yu; Qingsong Wen; Chao Chen; Kai Zheng; Yunjun Gao; Yu Zheng; Xiaofang Zhou; Yuxuan Liang,2024-03-21,anomaly_detection,53,"Trajectory computing is a pivotal domain encompassing trajectory data management and mining, garnering widespread attention due to its crucial role in various practical applications such as location services, urban traffic, and public safety. Traditional methods, focusing on simplistic spatio-temporal features, face challenges of complex calculations, limited scalability, and inadequate adaptability to real-world complexities. In this paper, we present a comprehensive review of the development and recent advances in trajectory computing, from deep learning to the more recent large language models. We first define trajectory data and provide a brief overview of widely-used deep learning models. Systematically, we explore deep learning applications in trajectory management (pre-processing, storage, analysis, and visualization) and mining (trajectory-related forecasting, trajectory-related recommendation, trajectory classification, travel time estimation, anomaly detection, and mobility generation). Furthermore, we discuss emerging research directions and recent advancements in large models (represented by foundation models and large language models) for trajectory computing, which promise to reshape the next generation of trajectory computing. Additionally, we summarize application scenarios, public datasets, and toolkits. Finally, we outline current challenges in trajectory computing research and propose future directions. Relevant papers and open-source resources have been collated and are continuously updated at: https://github.com/yoshall/Awesome-Trajectory-Computing.",http://arxiv.org/abs/2403.14151v2
2403.19625,Top-$k$ Classification and Cardinality-Aware Prediction,Anqi Mao; Mehryar Mohri; Yutao Zhong,2024-03-28,class_imbalance,9,"We present a detailed study of top-$k$ classification, the task of predicting the $k$ most probable classes for an input, extending beyond single-class prediction. We demonstrate that several prevalent surrogate loss functions in multi-class classification, such as comp-sum and constrained losses, are supported by $H$-consistency bounds with respect to the top-$k$ loss. These bounds guarantee consistency in relation to the hypothesis set $H$, providing stronger guarantees than Bayes-consistency due to their non-asymptotic and hypothesis-set specific nature. To address the trade-off between accuracy and cardinality $k$, we further introduce cardinality-aware loss functions through instance-dependent cost-sensitive learning. For these functions, we derive cost-sensitive comp-sum and constrained surrogate losses, establishing their $H$-consistency bounds and Bayes-consistency. Minimizing these losses leads to new cardinality-aware algorithms for top-$k$ classification. We report the results of extensive experiments on CIFAR-100, ImageNet, CIFAR-10, and SVHN datasets demonstrating the effectiveness and benefit of these algorithms.",http://arxiv.org/abs/2403.19625v1
2404.15593,A Survey of Deep Long-Tail Classification Advancements,Charika de Alvis; Suranga Seneviratne,2024-04-24,class_imbalance,18,"Many data distributions in the real world are hardly uniform. Instead, skewed and long-tailed distributions of various kinds are commonly observed. This poses an interesting problem for machine learning, where most algorithms assume or work well with uniformly distributed data. The problem is further exacerbated by current state-of-the-art deep learning models requiring large volumes of training data. As such, learning from imbalanced data remains a challenging research problem and a problem that must be solved as we move towards more real-world applications of deep learning. In the context of class imbalance, state-of-the-art (SOTA) accuracies on standard benchmark datasets for classification typically fall less than 75%, even for less challenging datasets such as CIFAR100. Nonetheless, there has been progress in this niche area of deep learning. To this end, in this survey, we provide a taxonomy of various methods proposed for addressing the problem of long-tail classification, focusing on works that happened in the last few years under a single mathematical framework. We also discuss standard performance metrics, convergence studies, feature distribution and classifier analysis. We also provide a quantitative comparison of the performance of different SOTA methods and conclude the survey by discussing the remaining challenges and future research direction.",http://arxiv.org/abs/2404.15593v1
2404.16366,Guarding Graph Neural Networks for Unsupervised Graph Anomaly Detection,Yuanchen Bei; Sheng Zhou; Jinke Shi; Yao Ma; Haishuai Wang; Jiajun Bu,2024-04-25,anomaly_detection,7,"Unsupervised graph anomaly detection aims at identifying rare patterns that deviate from the majority in a graph without the aid of labels, which is important for a variety of real-world applications. Recent advances have utilized Graph Neural Networks (GNNs) to learn effective node representations by aggregating information from neighborhoods. This is motivated by the hypothesis that nodes in the graph tend to exhibit consistent behaviors with their neighborhoods. However, such consistency can be disrupted by graph anomalies in multiple ways. Most existing methods directly employ GNNs to learn representations, disregarding the negative impact of graph anomalies on GNNs, resulting in sub-optimal node representations and anomaly detection performance. While a few recent approaches have redesigned GNNs for graph anomaly detection under semi-supervised label guidance, how to address the adverse effects of graph anomalies on GNNs in unsupervised scenarios and learn effective representations for anomaly detection are still under-explored. To bridge this gap, in this paper, we propose a simple yet effective framework for Guarding Graph Neural Networks for Unsupervised Graph Anomaly Detection (G3AD). Specifically, G3AD first introduces two auxiliary networks along with correlation constraints to guard the GNNs against inconsistent information encoding. Furthermore, G3AD introduces an adaptive caching module to guard the GNNs from directly reconstructing the observed graph data that contains anomalies. Extensive experiments demonstrate that our G3AD can outperform twenty state-of-the-art methods on both synthetic and real-world graph anomaly datasets, with flexible generalization ability in different GNN backbones.",http://arxiv.org/abs/2404.16366v2
2405.11034,Safety in Graph Machine Learning: Threats and Safeguards,Song Wang; Yushun Dong; Binchi Zhang; Zihan Chen; Xingbo Fu; Yinhan He; Cong Shen; Chuxu Zhang; Nitesh V. Chawla; Jundong Li,2024-05-17,fraud_detection,13,"Graph Machine Learning (Graph ML) has witnessed substantial advancements in recent years. With their remarkable ability to process graph-structured data, Graph ML techniques have been extensively utilized across diverse applications, including critical domains like finance, healthcare, and transportation. Despite their societal benefits, recent research highlights significant safety concerns associated with the widespread use of Graph ML models. Lacking safety-focused designs, these models can produce unreliable predictions, demonstrate poor generalizability, and compromise data confidentiality. In high-stakes scenarios such as financial fraud detection, these vulnerabilities could jeopardize both individuals and society at large. Therefore, it is imperative to prioritize the development of safety-oriented Graph ML models to mitigate these risks and enhance public confidence in their applications. In this survey paper, we explore three critical aspects vital for enhancing safety in Graph ML: reliability, generalizability, and confidentiality. We categorize and analyze threats to each aspect under three headings: model threats, data threats, and attack threats. This novel taxonomy guides our review of effective strategies to protect against these threats. Our systematic review lays a groundwork for future research aimed at developing practical, safety-centered Graph ML models. Furthermore, we highlight the significance of safe Graph ML practices and suggest promising avenues for further investigation in this crucial area.",http://arxiv.org/abs/2405.11034v1
2405.11238,SimAD: A Simple Dissimilarity-based Approach for Time Series Anomaly Detection,Zhijie Zhong; Zhiwen Yu; Xing Xi; Yue Xu; Wenming Cao; Yiyuan Yang; Kaixiang Yang; Jane You,2024-05-18,anomaly_detection,30,"Despite the prevalence of reconstruction-based deep learning methods, time series anomaly detection remains a tremendous challenge. Existing approaches often struggle with limited temporal contexts, insufficient representation of normal patterns, and flawed evaluation metrics, all of which hinder their effectiveness in detecting anomalous behavior. To address these issues, we introduce a $\textbf{Sim}$ple dissimilarity-based approach for time series $\textbf{A}$nomaly $\textbf{D}$etection, referred to as $\textbf{SimAD}$. Specifically, SimAD first incorporates a patching-based feature extractor capable of processing extended temporal windows and employs the EmbedPatch encoder to fully integrate normal behavioral patterns. Second, we design an innovative ContrastFusion module in SimAD, which strengthens the robustness of anomaly detection by highlighting the distributional differences between normal and abnormal data. Third, we introduce two robust enhanced evaluation metrics, Unbiased Affiliation (UAff) and Normalized Affiliation (NAff), designed to overcome the limitations of existing metrics by providing better distinctiveness and semantic clarity. The reliability of these two metrics has been demonstrated by both theoretical and experimental analyses. Experiments conducted on seven diverse time series datasets clearly demonstrate SimAD's superior performance compared to state-of-the-art methods, achieving relative improvements of $\textbf{19.85%}$ on F1, $\textbf{4.44%}$ on Aff-F1, $\textbf{77.79%}$ on NAff-F1, and $\textbf{9.69%}$ on AUC on six multivariate datasets. Code and pre-trained models are available at https://github.com/EmorZz1G/SimAD.",http://arxiv.org/abs/2405.11238v2
2405.18932,A Mallows-like Criterion for Anomaly Detection with Random Forest Implementation,Gaoxiang Zhao; Lu Wang; Xiaoqiang Wang,2024-05-29,class_imbalance,1,"The effectiveness of anomaly signal detection can be significantly undermined by the inherent uncertainty of relying on one specified model. Under the framework of model average methods, this paper proposes a novel criterion to select the weights on aggregation of multiple models, wherein the focal loss function accounts for the classification of extremely imbalanced data. This strategy is further integrated into Random Forest algorithm by replacing the conventional voting method. We have evaluated the proposed method on benchmark datasets across various domains, including network intrusion. The findings indicate that our proposed method not only surpasses the model averaging with typical loss functions but also outstrips common anomaly detection algorithms in terms of accuracy and robustness.",http://arxiv.org/abs/2405.18932v1
2405.19757,Improving SMOTE via Fusing Conditional VAE for Data-adaptive Noise Filtering,Sungchul Hong; Seunghwan An; Jong-June Jeon,2024-05-30,class_imbalance,12,"Recent advances in a generative neural network model extend the development of data augmentation methods. However, the augmentation methods based on the modern generative models fail to achieve notable performance for class imbalance data compared to the conventional model, Synthetic Minority Oversampling Technique (SMOTE). We investigate the problem of the generative model for imbalanced classification and introduce a framework to enhance the SMOTE algorithm using Variational Autoencoders (VAE). Our approach systematically quantifies the density of data points in a low-dimensional latent space using the VAE, simultaneously incorporating information on class labels and classification difficulty. Then, the data points potentially degrading the augmentation are systematically excluded, and the neighboring observations are directly augmented on the data space. Empirical studies on several imbalanced datasets represent that this simple process innovatively improves the conventional SMOTE algorithm over the deep learning models. Consequently, we conclude that the selection of minority data and the interpolation in the data space are beneficial for imbalanced classification problems with a relatively small number of data points.",http://arxiv.org/abs/2405.19757v3
2405.19823,Joint Selective State Space Model and Detrending for Robust Time Series Anomaly Detection,Junqi Chen; Xu Tan; Sylwan Rahardja; Jiawei Yang; Susanto Rahardja,2024-05-30,anomaly_detection,13,"Deep learning-based sequence models are extensively employed in Time Series Anomaly Detection (TSAD) tasks due to their effective sequential modeling capabilities. However, the ability of TSAD is limited by two key challenges: (i) the ability to model long-range dependency and (ii) the generalization issue in the presence of non-stationary data. To tackle these challenges, an anomaly detector that leverages the selective state space model known for its proficiency in capturing long-term dependencies across various domains is proposed. Additionally, a multi-stage detrending mechanism is introduced to mitigate the prominent trend component in non-stationary data to address the generalization issue. Extensive experiments conducted on realworld public datasets demonstrate that the proposed methods surpass all 12 compared baseline methods.",http://arxiv.org/abs/2405.19823v2
2406.00134,Anomaly Detection in Dynamic Graphs: A Comprehensive Survey,Ocheme Anthony Ekle; William Eberle,2024-05-31,anomaly_detection,83,"This survey paper presents a comprehensive and conceptual overview of anomaly detection using dynamic graphs. We focus on existing graph-based anomaly detection (AD) techniques and their applications to dynamic networks. The contributions of this survey paper include the following: i) a comparative study of existing surveys on anomaly detection; ii) a Dynamic Graph-based Anomaly Detection (DGAD) review framework in which approaches for detecting anomalies in dynamic graphs are grouped based on traditional machine-learning models, matrix transformations, probabilistic approaches, and deep-learning approaches; iii) a discussion of graphically representing both discrete and dynamic networks; and iv) a discussion of the advantages of graph-based techniques for capturing the relational structure and complex interactions in dynamic graph data. Finally, this work identifies the potential challenges and future directions for detecting anomalies in dynamic networks. This DGAD survey approach aims to provide a valuable resource for researchers and practitioners by summarizing the strengths and limitations of each approach, highlighting current research trends, and identifying open challenges. In doing so, it can guide future research efforts and promote advancements in anomaly detection in dynamic graphs. Keywords: Graphs, Anomaly Detection, dynamic networks,Graph Neural Networks (GNN), Node anomaly, Graph mining.",http://arxiv.org/abs/2406.00134v1
2406.00987,Enhancing Fairness in Unsupervised Graph Anomaly Detection through Disentanglement,Wenjing Chang; Kay Liu; Philip S. Yu; Jianjun Yu,2024-06-03,fraud_detection,5,"Graph anomaly detection (GAD) is increasingly crucial in various applications, ranging from financial fraud detection to fake news detection. However, current GAD methods largely overlook the fairness problem, which might result in discriminatory decisions skewed toward certain demographic groups defined on sensitive attributes (e.g., gender, religion, ethnicity, etc.). This greatly limits the applicability of these methods in real-world scenarios in light of societal and ethical restrictions. To address this critical gap, we make the first attempt to integrate fairness with utility in GAD decision-making. Specifically, we devise a novel DisEntangle-based FairnEss-aware aNomaly Detection framework on the attributed graph, named DEFEND. DEFEND first introduces disentanglement in GNNs to capture informative yet sensitive-irrelevant node representations, effectively reducing societal bias inherent in graph representation learning. Besides, to alleviate discriminatory bias in evaluating anomalous nodes, DEFEND adopts a reconstruction-based anomaly detection, which concentrates solely on node attributes without incorporating any graph structure. Additionally, given the inherent association between input and sensitive attributes, DEFEND constrains the correlation between the reconstruction error and the predicted sensitive attributes. Our empirical evaluations on real-world datasets reveal that DEFEND performs effectively in GAD and significantly enhances fairness compared to state-of-the-art baselines. To foster reproducibility, our code is available at https://github.com/AhaChang/DEFEND.",http://arxiv.org/abs/2406.00987v2
2407.06529,Advanced Financial Fraud Detection Using GNN-CL Model,Yu Cheng; Junjie Guo; Shiqing Long; You Wu; Mengfang Sun; Rong Zhang,2024-07-09,fraud_detection,36,"The innovative GNN-CL model proposed in this paper marks a breakthrough in the field of financial fraud detection by synergistically combining the advantages of graph neural networks (gnn), convolutional neural networks (cnn) and long short-term memory (LSTM) networks. This convergence enables multifaceted analysis of complex transaction patterns, improving detection accuracy and resilience against complex fraudulent activities. A key novelty of this paper is the use of multilayer perceptrons (MLPS) to estimate node similarity, effectively filtering out neighborhood noise that can lead to false positives. This intelligent purification mechanism ensures that only the most relevant information is considered, thereby improving the model's understanding of the network structure. Feature weakening often plagues graph-based models due to the dilution of key signals. In order to further address the challenge of feature weakening, GNN-CL adopts reinforcement learning strategies. By dynamically adjusting the weights assigned to central nodes, it reinforces the importance of these influential entities to retain important clues of fraud even in less informative data. Experimental evaluations on Yelp datasets show that the results highlight the superior performance of GNN-CL compared to existing methods.",http://arxiv.org/abs/2407.06529v1
2407.08758,"Credit Card Fraud Detection in the Nigerian Financial Sector: A Comparison of Unsupervised TensorFlow-Based Anomaly Detection Techniques, Autoencoders and PCA Algorithm",Jennifer Onyeama,2024-03-08,fraud_detection,5,"Credit card fraud is a major cause of national concern in the Nigerian financial sector, affecting hundreds of transactions per second and impacting international ecommerce negatively. Despite the rapid spread and adoption of online marketing, millions of Nigerians are prevented from transacting in several countries with local credit cards due to bans and policies directed at restricting credit card fraud. Presently, a myriad of technologies exist to detect fraudulent transactions, a few of which are adopted by Nigerian financial institutions to proactively manage the situation. Fraud detection allows institutions to restrict offenders from networks and with a centralized banking identity management system, such as the Bank Verification Number used by the Central Bank of Nigeria, offenders who may have stolen other identities can be backtraced and their bank accounts frozen. This paper aims to compare the effectiveness of two fraud detection technologies that are projected to work fully independent of human intervention to possibly predict and detect fraudulent credit card transactions. Autoencoders as an unsupervised tensorflow based anomaly detection technique generally offers greater performance in dimensionality reduction than the Principal Component Analysis, and this theory was tested out on Nigerian credit card transaction data. Results demonstrate that autoencoders are better suited to analyzing complex and extensive datasets and offer more reliable results with minimal mislabeling than the PCA algorithm.",http://arxiv.org/abs/2407.08758v1
2407.12440,GraphGuard: Contrastive Self-Supervised Learning for Credit-Card Fraud Detection in Multi-Relational Dynamic Graphs,Kristófer Reynisson; Marco Schreyer; Damian Borth,2024-07-17,fraud_detection,8,"Credit card fraud has significant implications at both an individual and societal level, making effective prevention essential. Current methods rely heavily on feature engineering and labeled information, both of which have significant limitations. In this work, we present GraphGuard, a novel contrastive self-supervised graph-based framework for detecting fraudulent credit card transactions. We conduct experiments on a real-world dataset and a synthetic dataset. Our results provide a promising initial direction for exploring the effectiveness of graph-based self-supervised approaches for credit card fraud detection.",http://arxiv.org/abs/2407.12440v1
2407.17333,Global Confidence Degree Based Graph Neural Network for Financial Fraud Detection,Jiaxun Liu; Yue Tian; Guanjun Liu,2024-07-24,fraud_detection,6,"Graph Neural Networks (GNNs) are widely used in financial fraud detection due to their excellent ability on handling graph-structured financial data and modeling multilayer connections by aggregating information of neighbors. However, these GNN-based methods focus on extracting neighbor-level information but neglect a global perspective. This paper presents the concept and calculation formula of Global Confidence Degree (GCD) and thus designs GCD-based GNN (GCD-GNN) that can address the challenges of camouflage in fraudulent activities and thus can capture more global information. To obtain a precise GCD for each node, we use a multilayer perceptron to transform features and then the new features and the corresponding prototype are used to eliminate unnecessary information. The GCD of a node evaluates the typicality of the node and thus we can leverage GCD to generate attention values for message aggregation. This process is carried out through both the original GCD and its inverse, allowing us to capture both the typical neighbors with high GCD and the atypical ones with low GCD. Extensive experiments on two public datasets demonstrate that GCD-GNN outperforms state-of-the-art baselines, highlighting the effectiveness of GCD. We also design a lightweight GCD-GNN (GCD-GNN$_{light}$) that also outperforms the baselines but is slightly weaker than GCD-GNN on fraud detection performance. However, GCD-GNN$_{light}$ obviously outperforms GCD-GNN on convergence and inference speed.",http://arxiv.org/abs/2407.17333v2
2407.18439,Impact of Recurrent Neural Networks and Deep Learning Frameworks on Real-time Lightweight Time Series Anomaly Detection,Ming-Chang Lee; Jia-Chun Lin; Sokratis Katsikas,2024-07-26,anomaly_detection,4,"Real-time lightweight time series anomaly detection has become increasingly crucial in cybersecurity and many other domains. Its ability to adapt to unforeseen pattern changes and swiftly identify anomalies enables prompt responses and critical decision-making. While several such anomaly detection approaches have been introduced in recent years, they primarily utilize a single type of recurrent neural networks (RNNs) and have been implemented in only one deep learning framework. It is unclear how the use of different types of RNNs available in various deep learning frameworks affects the performance of these anomaly detection approaches due to the absence of comprehensive evaluations. Arbitrarily choosing a RNN variant and a deep learning framework to implement an anomaly detection approach may not reflect its true performance and could potentially mislead users into favoring one approach over another. In this paper, we aim to study the influence of various types of RNNs available in popular deep learning frameworks on real-time lightweight time series anomaly detection. We reviewed several state-of-the-art approaches and implemented a representative anomaly detection approach using well-known RNN variants supported by three widely recognized deep learning frameworks. A comprehensive evaluation is then conducted to analyze the performance of each implementation across real-world, open-source time series datasets. The evaluation results provide valuable guidance for selecting the appropriate RNN variant and deep learning framework for real-time, lightweight time series anomaly detection.",http://arxiv.org/abs/2407.18439v1
2408.03526,Minimum Enclosing Ball Synthetic Minority Oversampling Technique from a Geometric Perspective,Yi-Yang Shangguan; Shi-Shun Chen; Xiao-Yang Li,2024-08-07,class_imbalance,2,"Class imbalance refers to the significant difference in the number of samples from different classes within a dataset, making it challenging to identify minority class samples correctly. This issue is prevalent in real-world classification tasks, such as software defect prediction, medical diagnosis, and fraud detection. The synthetic minority oversampling technique (SMOTE) is widely used to address class imbalance issue, which is based on interpolation between randomly selected minority class samples and their neighbors. However, traditional SMOTE and most of its variants only interpolate between existing samples, which may be affected by noise samples in some cases and synthesize samples that lack diversity. To overcome these shortcomings, this paper proposes the Minimum Enclosing Ball SMOTE (MEB-SMOTE) method from a geometry perspective. Specifically, MEB is innovatively introduced into the oversampling method to construct a representative point. Then, high-quality samples are synthesized by interpolation between this representative point and the existing samples. The rationale behind constructing a representative point is discussed, demonstrating that the center of MEB is more suitable as the representative point. To exhibit the superiority of MEB-SMOTE, experiments are conducted on 15 real-world imbalanced datasets. The results indicate that MEB-SMOTE can effectively improve the classification performance on imbalanced datasets.",http://arxiv.org/abs/2408.03526v1
2408.09393,Federated Graph Learning with Structure Proxy Alignment,Xingbo Fu; Zihan Chen; Binchi Zhang; Chen Chen; Jundong Li,2024-08-18,fraud_detection,25,"Federated Graph Learning (FGL) aims to learn graph learning models over graph data distributed in multiple data owners, which has been applied in various applications such as social recommendation and financial fraud detection. Inherited from generic Federated Learning (FL), FGL similarly has the data heterogeneity issue where the label distribution may vary significantly for distributed graph data across clients. For instance, a client can have the majority of nodes from a class, while another client may have only a few nodes from the same class. This issue results in divergent local objectives and impairs FGL convergence for node-level tasks, especially for node classification. Moreover, FGL also encounters a unique challenge for the node classification task: the nodes from a minority class in a client are more likely to have biased neighboring information, which prevents FGL from learning expressive node embeddings with Graph Neural Networks (GNNs). To grapple with the challenge, we propose FedSpray, a novel FGL framework that learns local class-wise structure proxies in the latent space and aligns them to obtain global structure proxies in the server. Our goal is to obtain the aligned structure proxies that can serve as reliable, unbiased neighboring information for node classification. To achieve this, FedSpray trains a global feature-structure encoder and generates unbiased soft targets with structure proxies to regularize local training of GNN models in a personalized way. We conduct extensive experiments over four datasets, and experiment results validate the superiority of FedSpray compared with other baselines. Our code is available at https://github.com/xbfu/FedSpray.",http://arxiv.org/abs/2408.09393v1
2408.14756,Training-Free Time-Series Anomaly Detection: Leveraging Image Foundation Models,Nobuo Namura; Yuma Ichikawa,2024-08-27,anomaly_detection,5,"Recent advancements in time-series anomaly detection have relied on deep learning models to handle the diverse behaviors of time-series data. However, these models often suffer from unstable training and require extensive hyperparameter tuning, leading to practical limitations. Although foundation models present a potential solution, their use in time series is limited. To overcome these issues, we propose an innovative image-based, training-free time-series anomaly detection (ITF-TAD) approach. ITF-TAD converts time-series data into images using wavelet transform and compresses them into a single representation, leveraging image foundation models for anomaly detection. This approach achieves high-performance anomaly detection without unstable neural network training or hyperparameter tuning. Furthermore, ITF-TAD identifies anomalies across different frequencies, providing users with a detailed visualization of anomalies and their corresponding frequencies. Comprehensive experiments on five benchmark datasets, including univariate and multivariate time series, demonstrate that ITF-TAD offers a practical and effective solution with performance exceeding or comparable to that of deep models.",http://arxiv.org/abs/2408.14756v1
2408.16612,Data Quality Monitoring for the Hadron Calorimeters Using Transfer Learning for Anomaly Detection,Mulugeta Weldezgina Asres; Christian Walter Omlin; Long Wang; Pavel Parygin; David Yu; Jay Dittmann; The CMS-HCAL Collaboration,2024-08-29,anomaly_detection,3,"The proliferation of sensors brings an immense volume of spatio-temporal (ST) data in many domains, including monitoring, diagnostics, and prognostics applications. Data curation is a time-consuming process for a large volume of data, making it challenging and expensive to deploy data analytics platforms in new environments. Transfer learning (TL) mechanisms promise to mitigate data sparsity and model complexity by utilizing pre-trained models for a new task. Despite the triumph of TL in fields like computer vision and natural language processing, efforts on complex ST models for anomaly detection (AD) applications are limited. In this study, we present the potential of TL within the context of high-dimensional ST AD with a hybrid autoencoder architecture, incorporating convolutional, graph, and recurrent neural networks. Motivated by the need for improved model accuracy and robustness, particularly in scenarios with limited training data on systems with thousands of sensors, this research investigates the transferability of models trained on different sections of the Hadron Calorimeter of the Compact Muon Solenoid experiment at CERN. The key contributions of the study include exploring TL's potential and limitations within the context of encoder and decoder networks, revealing insights into model initialization and training configurations that enhance performance while substantially reducing trainable parameters and mitigating data contamination effects. Code: https://github.com/muleina/CMS\_HCAL\_ML\_OnlineDQM .",http://arxiv.org/abs/2408.16612v3
2409.05383,Deep Learning for Video Anomaly Detection: A Review,Peng Wu; Chengyu Pan; Yuting Yan; Guansong Pang; Peng Wang; Yanning Zhang,2024-09-09,anomaly_detection,71,"Video anomaly detection (VAD) aims to discover behaviors or events deviating from the normality in videos. As a long-standing task in the field of computer vision, VAD has witnessed much good progress. In the era of deep learning, with the explosion of architectures of continuously growing capability and capacity, a great variety of deep learning based methods are constantly emerging for the VAD task, greatly improving the generalization ability of detection algorithms and broadening the application scenarios. Therefore, such a multitude of methods and a large body of literature make a comprehensive survey a pressing necessity. In this paper, we present an extensive and comprehensive research review, covering the spectrum of five different categories, namely, semi-supervised, weakly supervised, fully supervised, unsupervised and open-set supervised VAD, and we also delve into the latest VAD works based on pre-trained large models, remedying the limitations of past reviews in terms of only focusing on semi-supervised VAD and small model based methods. For the VAD task with different levels of supervision, we construct a well-organized taxonomy, profoundly discuss the characteristics of different types of methods, and show their performance comparisons. In addition, this review involves the public datasets, open-source codes, and evaluation metrics covering all the aforementioned VAD tasks. Finally, we provide several important research directions for the VAD community.",http://arxiv.org/abs/2409.05383v1
2409.07505,A Survey of Anomaly Detection in In-Vehicle Networks,Övgü Özdemir; M. Tuğberk İşyapar; Pınar Karagöz; Klaus Werner Schmidt; Demet Demir; N. Alpay Karagöz,2024-09-11,anomaly_detection,8,"Modern vehicles are equipped with Electronic Control Units (ECU) that are used for controlling important vehicle functions including safety-critical operations. ECUs exchange information via in-vehicle communication buses, of which the Controller Area Network (CAN bus) is by far the most widespread representative. Problems that may occur in the vehicle's physical parts or malicious attacks may cause anomalies in the CAN traffic, impairing the correct vehicle operation. Therefore, the detection of such anomalies is vital for vehicle safety. This paper reviews the research on anomaly detection for in-vehicle networks, more specifically for the CAN bus. Our main focus is the evaluation of methods used for CAN bus anomaly detection together with the datasets used in such analysis. To provide the reader with a more comprehensive understanding of the subject, we first give a brief review of related studies on time series-based anomaly detection. Then, we conduct an extensive survey of recent deep learning-based techniques as well as conventional techniques for CAN bus anomaly detection. Our comprehensive analysis delves into anomaly detection algorithms employed in in-vehicle networks, specifically focusing on their learning paradigms, inherent strengths, and weaknesses, as well as their efficacy when applied to CAN bus datasets. Lastly, we highlight challenges and open research problems in CAN bus anomaly detection.",http://arxiv.org/abs/2409.07505v1
2409.09770,Cluster Aware Graph Anomaly Detection,Lecheng Zheng; John R. Birge; Haiyue Wu; Yifang Zhang; Jingrui He,2024-09-15,anomaly_detection,19,"Graph anomaly detection has gained significant attention across various domains, particularly in critical applications like fraud detection in e-commerce platforms and insider threat detection in cybersecurity. Usually, these data are composed of multiple types (e.g., user information and transaction records for financial data), thus exhibiting view heterogeneity. However, in the era of big data, the heterogeneity of views and the lack of label information pose substantial challenges to traditional approaches. Existing unsupervised graph anomaly detection methods often struggle with high-dimensionality issues, rely on strong assumptions about graph structures or fail to handle complex multi-view graphs. To address these challenges, we propose a cluster aware multi-view graph anomaly detection method, called CARE. Our approach captures both local and global node affinities by augmenting the graph's adjacency matrix with the pseudo-label (i.e., soft membership assignments) without any strong assumption about the graph. To mitigate potential biases from the pseudo-label, we introduce a similarity-guided loss. Theoretically, we show that the proposed similarity-guided loss is a variant of contrastive learning loss, and we present how this loss alleviates the bias introduced by pseudo-label with the connection to graph spectral clustering. Experimental results on several datasets demonstrate the effectiveness and efficiency of our proposed framework. Specifically, CARE outperforms the second-best competitors by more than 39% on the Amazon dataset with respect to AUPRC and 18.7% on the YelpChi dataset with respect to AUROC. The code of our method is available at the GitHub link: https://github.com/zhenglecheng/CARE-demo.",http://arxiv.org/abs/2409.09770v2
2409.09957,Deep Graph Anomaly Detection: A Survey and New Perspectives,Hezhe Qiao; Hanghang Tong; Bo An; Irwin King; Charu Aggarwal; Guansong Pang,2024-09-16,anomaly_detection,116,"Graph anomaly detection (GAD), which aims to identify unusual graph instances (nodes, edges, subgraphs, or graphs), has attracted increasing attention in recent years due to its significance in a wide range of applications. Deep learning approaches, graph neural networks (GNNs) in particular, have been emerging as a promising paradigm for GAD, owing to its strong capability in capturing complex structure and/or node attributes in graph data. Considering the large number of methods proposed for GNN-based GAD, it is of paramount importance to summarize the methodologies and findings in the existing GAD studies, so that we can pinpoint effective model designs for tackling open GAD problems. To this end, in this work we aim to present a comprehensive review of deep learning approaches for GAD. Existing GAD surveys are focused on task-specific discussions, making it difficult to understand the technical insights of existing methods and their limitations in addressing some unique challenges in GAD. To fill this gap, we first discuss the problem complexities and their resulting challenges in GAD, and then provide a systematic review of current deep GAD methods from three novel perspectives of methodology, including GNN backbone design, proxy task design for GAD, and graph anomaly measures. To deepen the discussions, we further propose a taxonomy of 13 fine-grained method categories under these three perspectives to provide more in-depth insights into the model designs and their capabilities. To facilitate the experiments and validation, we also summarize a collection of widely-used GAD datasets and empirical comparison. We further discuss multiple open problems to inspire more future high-quality research. A continuously updated repository for datasets, links to the codes of algorithms, and empirical comparison is available at https://github.com/mala-lab/Awesome-Deep-Graph-Anomaly-Detection.",http://arxiv.org/abs/2409.09957v2
2409.10951,Fair Anomaly Detection For Imbalanced Groups,Ziwei Wu; Lecheng Zheng; Yuancheng Yu; Ruizhong Qiu; John Birge; Jingrui He,2024-09-17,class_imbalance,13,"Anomaly detection (AD) has been widely studied for decades in many real-world applications, including fraud detection in finance, and intrusion detection for cybersecurity, etc. Due to the imbalanced nature between protected and unprotected groups and the imbalanced distributions of normal examples and anomalies, the learning objectives of most existing anomaly detection methods tend to solely concentrate on the dominating unprotected group. Thus, it has been recognized by many researchers about the significance of ensuring model fairness in anomaly detection. However, the existing fair anomaly detection methods tend to erroneously label most normal examples from the protected group as anomalies in the imbalanced scenario where the unprotected group is more abundant than the protected group. This phenomenon is caused by the improper design of learning objectives, which statistically focus on learning the frequent patterns (i.e., the unprotected group) while overlooking the under-represented patterns (i.e., the protected group). To address these issues, we propose FairAD, a fairness-aware anomaly detection method targeting the imbalanced scenario. It consists of a fairness-aware contrastive learning module and a rebalancing autoencoder module to ensure fairness and handle the imbalanced data issue, respectively. Moreover, we provide the theoretical analysis that shows our proposed contrastive learning regularization guarantees group fairness. Empirical studies demonstrate the effectiveness and efficiency of FairAD across multiple real-world datasets.",http://arxiv.org/abs/2409.10951v1
2409.13007,iCost: A Novel Instance-Complexity-Based Cost-Sensitive Learning Framework,Asif Newaz; Asif Ur Rahman Adib; Taskeed Jabid,2024-09-19,class_imbalance,2,"Class imbalance poses a significant challenge in classification tasks, often causing standard learning algorithms to become biased toward the majority class. Cost-sensitive learning (CSL) addresses this issue by assigning higher penalties to minority-class misclassifications. However, conventional CSL typically applies a uniform penalty to all minority-class instances, ignoring the fact that minority samples may differ substantially in terms of local safety, overlap, boundary ambiguity, and outlier-like behavior. Uniform penalization can therefore introduce undue bias, increasing the number of misclassifications. In this study, we propose iCost, an instance-complexity-aware CSL framework that assigns adaptive penalties to minority-class samples according to their estimated learning difficulty. This fine-grained penalization strategy ensures fairer weighting, reduces unwarranted bias, and improves overall classification performance. Two complementary complexity estimation strategies are introduced: Neighbor-iCost, based on local neighborhood composition, and Gini-iCost, based on Gini-impurity-based feature-space partitioning. Extensive experiments on 65 binary and 10 multiclass imbalanced datasets show that iCost outperforms conventional CSL by a clear margin and remains highly competitive with widely used resampling methods. To support reproducibility and practical adoption, the proposed algorithm has been released as a scikit-learn-compatible Python package through PyPI. This work offers a fresh perspective on imbalanced learning by integrating instance-level data complexity into the learning process, opening new avenues for developing adaptive, complexity-aware strategies for imbalanced classification.",http://arxiv.org/abs/2409.13007v3
2409.13406,Credit Card Fraud Detection: A Deep Learning Approach,Sourav Verma; Joydip Dhar,2024-09-20,fraud_detection,8,"Credit card is one of the most extensive methods of instalment for both online and offline mode of payment for electronic transactions in recent times. credit cards invention has provided significant ease in electronic transactions. However, it has also provided new fraud opportunities for criminals, which results in increased fraud rates. Substantial amount of money has been lost by many institutions and individuals due to fraudulent credit card transactions. Adapting improved and dynamic fraud recognition frameworks thus became essential for all credit card distributing banks to mitigate their losses. In fact, the problem of fraudulent credit card transactions implicates a number of relevant real-time challenges, namely: Concept drift, Class imbalance, and Verification latency. However, the vast majority of current systems are based on artificial intelligence (AI), Fuzzy logic, Machine Learning, Data mining, Genetic Algorithms, and so on, rely on assumptions that hardly address all the relevant challenges of fraud-detection system (FDS). This paper aims to understand & implement Deep Learning algorithms in order to obtain a high fraud coverage with very low false positive rate. Also, it aims to implement an auto-encoder as an unsupervised (semi-supervised) method of learning common patterns. Keywords: Credit card fraud, Fraud-detection system (FDS), Electronic transactions, Concept drift, Class imbalance, Verification latency, Machine Learning, Deep Learning",http://arxiv.org/abs/2409.13406v1
2410.04154,Applying Quantum Autoencoders for Time Series Anomaly Detection,Robin Frehner; Kurt Stockinger,2024-10-05,anomaly_detection,25,"Anomaly detection is an important problem with applications in various domains such as fraud detection, pattern recognition or medical diagnosis. Several algorithms have been introduced using classical computing approaches. However, using quantum computing for solving anomaly detection problems in time series data is a widely unexplored research field. This paper explores the application of quantum autoencoders to time series anomaly detection. We investigate two primary techniques for classifying anomalies: (1) Analyzing the reconstruction error generated by the quantum autoencoder and (2) latent representation analysis. Our simulated experimental results, conducted across various ansaetze, demonstrate that quantum autoencoders consistently outperform classical deep learning-based autoencoders across multiple datasets. Specifically, quantum autoencoders achieve superior anomaly detection performance while utilizing 60-230 times fewer parameters and requiring five times fewer training iterations. In addition, we implement our quantum encoder on real quantum hardware. Our experimental results demonstrate that quantum autoencoders achieve anomaly detection performance on par with their simulated counterparts.",http://arxiv.org/abs/2410.04154v2
2411.05815,Graph Neural Networks for Financial Fraud Detection: A Review,Dawei Cheng; Yao Zou; Sheng Xiang; Changjun Jiang,2024-11-01,fraud_detection,142,"The landscape of financial transactions has grown increasingly complex due to the expansion of global economic integration and advancements in information technology. This complexity poses greater challenges in detecting and managing financial fraud. This review explores the role of Graph Neural Networks (GNNs) in addressing these challenges by proposing a unified framework that categorizes existing GNN methodologies applied to financial fraud detection. Specifically, by examining a series of detailed research questions, this review delves into the suitability of GNNs for financial fraud detection, their deployment in real-world scenarios, and the design considerations that enhance their effectiveness. This review reveals that GNNs are exceptionally adept at capturing complex relational patterns and dynamics within financial networks, significantly outperforming traditional fraud detection methods. Unlike previous surveys that often overlook the specific potentials of GNNs or address them only superficially, our review provides a comprehensive, structured analysis, distinctly focusing on the multifaceted applications and deployments of GNNs in financial fraud detection. This review not only highlights the potential of GNNs to improve fraud detection mechanisms but also identifies current gaps and outlines future research directions to enhance their deployment in financial systems. Through a structured review of over 100 studies, this review paper contributes to the understanding of GNN applications in financial fraud detection, offering insights into their adaptability and potential integration strategies.",http://arxiv.org/abs/2411.05815v2
2411.05857,Financial Fraud Detection using Jump-Attentive Graph Neural Networks,Prashank Kadam,2024-11-07,fraud_detection,8,"As the availability of financial services online continues to grow, the incidence of fraud has surged correspondingly. Fraudsters continually seek new and innovative ways to circumvent the detection algorithms in place. Traditionally, fraud detection relied on rule-based methods, where rules were manually created based on transaction data features. However, these techniques soon became ineffective due to their reliance on manual rule creation and their inability to detect complex data patterns. Today, a significant portion of the financial services sector employs various machine learning algorithms, such as XGBoost, Random Forest, and neural networks, to model transaction data. While these techniques have proven more efficient than rule-based methods, they still fail to capture interactions between different transactions and their interrelationships. Recently, graph-based techniques have been adopted for financial fraud detection, leveraging graph topology to aggregate neighborhood information of transaction data using Graph Neural Networks (GNNs). Despite showing improvements over previous methods, these techniques still struggle to keep pace with the evolving camouflaging tactics of fraudsters and suffer from information loss due to over-smoothing. In this paper, we propose a novel algorithm that employs an efficient neighborhood sampling method, effective for camouflage detection and preserving crucial feature information from non-similar nodes. Additionally, we introduce a novel GNN architecture that utilizes attention mechanisms and preserves holistic neighborhood information to prevent information loss. We test our algorithm on financial data to show that our method outperforms other state-of-the-art graph algorithms.",http://arxiv.org/abs/2411.05857v2
2411.09844,Deep Autoencoders for Unsupervised Anomaly Detection in Wildfire Prediction,İrem Üstek; Miguel Arana-Catania; Alexander Farr; Ivan Petrunin,2024-11-14,anomaly_detection,20,"Wildfires pose a significantly increasing hazard to global ecosystems due to the climate crisis. Due to its complex nature, there is an urgent need for innovative approaches to wildfire prediction, such as machine learning. This research took a unique approach, differentiating from classical supervised learning, and addressed the gap in unsupervised wildfire prediction using autoencoders and clustering techniques for anomaly detection. Historical weather and normalised difference vegetation index datasets of Australia for 2005 - 2021 were utilised. Two main unsupervised approaches were analysed. The first used a deep autoencoder to obtain latent features, which were then fed into clustering models, isolation forest, local outlier factor and one-class SVM for anomaly detection. The second approach used a deep autoencoder to reconstruct the input data and use reconstruction errors to identify anomalies. Long Short-Term Memory (LSTM) autoencoders and fully connected (FC) autoencoders were employed in this part, both in an unsupervised way learning only from nominal data. The FC autoencoder outperformed its counterparts, achieving an accuracy of 0.71, an F1-score of 0.74, and an MCC of 0.42. These findings highlight the practicality of this method, as it effectively predicts wildfires in the absence of ground truth, utilising an unsupervised learning technique.",http://arxiv.org/abs/2411.09844v1
2411.12556,UMGAD: Unsupervised Multiplex Graph Anomaly Detection,Xiang Li; Jianpeng Qi; Zhongying Zhao; Guanjie Zheng; Lei Cao; Junyu Dong; Yanwei Yu,2024-11-19,anomaly_detection,3,"Graph anomaly detection (GAD) is a critical task in graph machine learning, with the primary objective of identifying anomalous nodes that deviate significantly from the majority. This task is widely applied in various real-world scenarios, including fraud detection and social network analysis. However, existing GAD methods still face two major challenges: (1) They are often limited to detecting anomalies in single-type interaction graphs and struggle with multiple interaction types in multiplex heterogeneous graphs. (2) In unsupervised scenarios, selecting appropriate anomaly score thresholds remains a significant challenge for accurate anomaly detection. To address the above challenges, we propose a novel Unsupervised Multiplex Graph Anomaly Detection method, named UMGAD. We first learn multi-relational correlations among nodes in multiplex heterogeneous graphs and capture anomaly information during node attribute and structure reconstruction through graph-masked autoencoder (GMAE). Then, to further extract abnormal information, we generate attribute-level and subgraph-level augmented-view graphs, respectively, and perform attribute and structure reconstruction through GMAE. Finally, we learn to optimize node attributes and structural features through contrastive learning between original-view and augmented-view graphs to improve the model's ability to capture anomalies. Meanwhile, we propose a new anomaly score threshold selection strategy, which allows the model to be independent of ground truth information in real unsupervised scenarios. Extensive experiments on six datasets show that our UMGAD significantly outperforms state-of-the-art methods, achieving average improvements of 12.25% in AUC and 11.29% in Macro-F1 across all datasets.",http://arxiv.org/abs/2411.12556v4
2412.02474,F-SE-LSTM: A Time Series Anomaly Detection Method with Frequency Domain Information,Yi-Xiang Lu; Xiao-Bo Jin; Jian Chen; Dong-Jie Liu; Guang-Gang Geng,2024-12-03,anomaly_detection,13,"With the development of society, time series anomaly detection plays an important role in network and IoT services. However, most existing anomaly detection methods directly analyze time series in the time domain and cannot distinguish some relatively hidden anomaly sequences. We attempt to analyze the impact of frequency on time series from a frequency domain perspective, thus proposing a new time series anomaly detection method called F-SE-LSTM. This method utilizes two sliding windows and fast Fourier transform (FFT) to construct a frequency matrix. Simultaneously, Squeeze-and-Excitation Networks (SENet) and Long Short-Term Memory (LSTM) are employed to extract frequency-related features within and between periods. Through comparative experiments on multiple datasets such as Yahoo Webscope S5 and Numenta Anomaly Benchmark, the results demonstrate that the frequency matrix constructed by F-SE-LSTM exhibits better discriminative ability than ordinary time domain and frequency domain data. Furthermore, F-SE-LSTM outperforms existing state-of-the-art deep learning anomaly detection methods in terms of anomaly detection capability and execution efficiency.",http://arxiv.org/abs/2412.02474v1
2412.03864,Training MLPs on Graphs without Supervision,Zehong Wang; Zheyuan Zhang; Chuxu Zhang; Yanfang Ye,2024-12-05,fraud_detection,21,"Graph Neural Networks (GNNs) have demonstrated their effectiveness in various graph learning tasks, yet their reliance on neighborhood aggregation during inference poses challenges for deployment in latency-sensitive applications, such as real-time financial fraud detection. To address this limitation, recent studies have proposed distilling knowledge from teacher GNNs into student Multi-Layer Perceptrons (MLPs) trained on node content, aiming to accelerate inference. However, these approaches often inadequately explore structural information when inferring unseen nodes. To this end, we introduce SimMLP, a Self-supervised framework for learning MLPs on graphs, designed to fully integrate rich structural information into MLPs. Notably, SimMLP is the first MLP-learning method that can achieve equivalence to GNNs in the optimal case. The key idea is to employ self-supervised learning to align the representations encoded by graph context-aware GNNs and neighborhood dependency-free MLPs, thereby fully integrating the structural information into MLPs. We provide a comprehensive theoretical analysis, demonstrating the equivalence between SimMLP and GNNs based on mutual information and inductive bias, highlighting SimMLP's advanced structural learning capabilities. Additionally, we conduct extensive experiments on 20 benchmark datasets, covering node classification, link prediction, and graph classification, to showcase SimMLP's superiority over state-of-the-art baselines, particularly in scenarios involving unseen nodes (e.g., inductive and cold-start node classification) where structural insights are crucial. Our codes are available at: https://github.com/Zehong-Wang/SimMLP.",http://arxiv.org/abs/2412.03864v1
2412.07437,Impact of Sampling Techniques and Data Leakage on XGBoost Performance in Credit Card Fraud Detection,Siyaxolisa Kabane,2024-12-10,fraud_detection,8,"Credit card fraud detection remains a critical challenge in financial security, with machine learning models like XGBoost(eXtreme gradient boosting) emerging as powerful tools for identifying fraudulent transactions. However, the inherent class imbalance in credit card transaction datasets poses significant challenges for model performance. Although sampling techniques are commonly used to address this imbalance, their implementation sometimes precedes the train-test split, potentially introducing data leakage. This study presents a comparative analysis of XGBoost's performance in credit card fraud detection under three scenarios: Firstly without any imbalance handling techniques, secondly with sampling techniques applied only to the training set after the train-test split, and third with sampling techniques applied before the train-test split. We utilized a dataset from Kaggle of 284,807 credit card transactions, containing 0.172\% fraudulent cases, to evaluate these approaches. Our findings show that although sampling strategies enhance model performance, the reliability of results is greatly impacted by when they are applied. Due to a data leakage issue that frequently occurs in machine learning models during the sampling phase, XGBoost models trained on data where sampling was applied prior to the train-test split may have displayed artificially inflated performance metrics. Surprisingly, models trained with sampling techniques applied solely to the training set demonstrated significantly lower results than those with pre-split sampling, all the while preserving the integrity of the evaluation process.",http://arxiv.org/abs/2412.07437v1
2501.11222,An Imbalanced Learning-based Sampling Method for Physics-informed Neural Networks,Jiaqi Luo; Yahong Yang; Yuan Yuan; Shixin Xu; Wenrui Hao,2025-01-20,class_imbalance,13,"This paper introduces Residual-based Smote (RSmote), an innovative local adaptive sampling technique tailored to improve the performance of Physics-Informed Neural Networks (PINNs) through imbalanced learning strategies. Traditional residual-based adaptive sampling methods, while effective in enhancing PINN accuracy, often struggle with efficiency and high memory consumption, particularly in high-dimensional problems. RSmote addresses these challenges by targeting regions with high residuals and employing oversampling techniques from imbalanced learning to refine the sampling process. Our approach is underpinned by a rigorous theoretical analysis that supports the effectiveness of RSmote in managing computational resources more efficiently. Through extensive evaluations, we benchmark RSmote against the state-of-the-art Residual-based Adaptive Distribution (RAD) method across a variety of dimensions and differential equations. The results demonstrate that RSmote not only achieves or exceeds the accuracy of RAD but also significantly reduces memory usage, making it particularly advantageous in high-dimensional scenarios. These contributions position RSmote as a robust and resource-efficient solution for solving complex partial differential equations, especially when computational constraints are a critical consideration.",http://arxiv.org/abs/2501.11222v1
2501.11430,A Survey on Diffusion Models for Anomaly Detection,Jing Liu; Zhenchao Ma; Zepu Wang; Chenxuanyin Zou; Jiayang Ren; Zehua Wang; Liang Song; Bo Hu; Yang Liu; Victor C. M. Leung,2025-01-20,fraud_detection,25,"Diffusion models (DMs) have emerged as a powerful class of generative AI models, showing remarkable potential in anomaly detection (AD) tasks across various domains, such as cybersecurity, fraud detection, healthcare, and manufacturing. The intersection of these two fields, termed diffusion models for anomaly detection (DMAD), offers promising solutions for identifying deviations in increasingly complex and high-dimensional data. In this survey, we review recent advances in DMAD research. We begin by presenting the fundamental concepts of AD and DMs, followed by a comprehensive analysis of classic DM architectures including DDPMs, DDIMs, and Score SDEs. We further categorize existing DMAD methods into reconstruction-based, density-based, and hybrid approaches, providing detailed examinations of their methodological innovations. We also explore the diverse tasks across different data modalities, encompassing image, time series, video, and multimodal data analysis. Furthermore, we discuss critical challenges and emerging research directions, including computational efficiency, model interpretability, robustness enhancement, edge-cloud collaboration, and integration with large language models. The collection of DMAD research papers and resources is available at https://github.com/fdjingliu/DMAD.",http://arxiv.org/abs/2501.11430v5
2501.13864,Autoencoders for Anomaly Detection are Unreliable,Roel Bouman; Tom Heskes,2025-01-23,anomaly_detection,16,"Autoencoders are frequently used for anomaly detection, both in the unsupervised and semi-supervised settings. They rely on the assumption that when trained using the reconstruction loss, they will be able to reconstruct normal data more accurately than anomalous data. Some recent works have posited that this assumption may not always hold, but little has been done to study the validity of the assumption in theory. In this work we show that this assumption indeed does not hold, and illustrate that anomalies, lying far away from normal data, can be perfectly reconstructed in practice. We revisit the theory of failure of linear autoencoders for anomaly detection by showing how they can perfectly reconstruct out of bounds, or extrapolate undesirably, and note how this can be dangerous in safety critical applications. We connect this to non-linear autoencoders through experiments on both tabular data and real-world image data, the two primary application areas of autoencoders for anomaly detection.",http://arxiv.org/abs/2501.13864v1
2501.14694,Towards Automated Self-Supervised Learning for Truly Unsupervised Graph Anomaly Detection,Zhong Li; Yuhang Wang; Matthijs van Leeuwen,2025-01-24,anomaly_detection,2,"Self-supervised learning (SSL) is an emerging paradigm that exploits supervisory signals generated from the data itself, and many recent studies have leveraged SSL to conduct graph anomaly detection. However, we empirically found that three important factors can substantially impact detection performance across datasets: 1) the specific SSL strategy employed; 2) the tuning of the strategy's hyperparameters; and 3) the allocation of combination weights when using multiple strategies. Most SSL-based graph anomaly detection methods circumvent these issues by arbitrarily or selectively (i.e., guided by label information) choosing SSL strategies, hyperparameter settings, and combination weights. While an arbitrary choice may lead to subpar performance, using label information in an unsupervised setting is label information leakage and leads to severe overestimation of a method's performance. Leakage has been criticized as ""one of the top ten data mining mistakes"", yet many recent studies on SSL-based graph anomaly detection have been using label information to select hyperparameters. To mitigate this issue, we propose to use an internal evaluation strategy (with theoretical analysis) to select hyperparameters in SSL for unsupervised anomaly detection. We perform extensive experiments using 10 recent SSL-based graph anomaly detection algorithms on various benchmark datasets, demonstrating both the prior issues with hyperparameter selection and the effectiveness of our proposed strategy.",http://arxiv.org/abs/2501.14694v2
2501.15790,Certified Interpolation Oversampling: Per-Instance Safety Guarantees for Imbalanced Learning,Pankaj Yadav; Vivek Vijay,2025-01-27,class_imbalance,1,"Synthetic minority oversampling is typically designed and evaluated against a predictive objective, generating samples that improve downstream classification. This paper pursues a second objective by generating samples that carry a stated safety property, established for each instance by construction rather than assumed. We introduce Certified Interpolation Safe Oversampling (CISO), a three-phase interpolation framework built for this objective. A safety-guided distribution selects where synthesis occurs, a locality-and clearance-weighted distribution selects with whom each anchor interpolates, and a q-Gaussian placement density determines how far along the resulting segment each instance is placed. The framework provides three guarantees. Each synthetic instance seeded by a sufficiently safe anchor carries a certified distance from the majority class; a signed temperature parameter provably and monotonically shifts synthesis between boundary-seeking and interior-seeking regimes; and selection weights are strictly positive by construction, so no degenerate case arises. Certification is obtained alongside competitive predictive performance rather than in place of it. Under a protocol preregistered before evaluation, across 45 datasets, four classifiers, and eleven competing methods, CISO is statistically equivalent to SMOTE on precision-recall AUC, ranks second of eleven under gradient boosting, and completes every one of 11,460 fold-level evaluations without failure. A parameter sweep further reveals a continuous fidelity-safety trade-off that competing methods occupy only as isolated points.",http://arxiv.org/abs/2501.15790v2
2502.02290,FRAUD-RLA: A new reinforcement learning adversarial attack against credit card fraud detection,Daniele Lunghi; Yannick Molinghen; Alkis Simitsis; Tom Lenaerts; Gianluca Bontempi,2025-02-04,fraud_detection,8,"Adversarial attacks pose a significant threat to data-driven systems, and researchers have spent considerable resources studying them. Despite its economic relevance, this trend largely overlooked the issue of credit card fraud detection. To address this gap, we propose a new threat model that demonstrates the limitations of existing attacks and highlights the necessity to investigate new approaches. We then design a new adversarial attack for credit card fraud detection, employing reinforcement learning to bypass classifiers. This attack, called FRAUD-RLA, is designed to maximize the attacker's reward by optimizing the exploration-exploitation tradeoff and working with significantly less required knowledge than competitors. Our experiments, conducted on three different heterogeneous datasets and against two fraud detection systems, indicate that FRAUD-RLA is effective, even considering the severe limitations imposed by our threat model.",http://arxiv.org/abs/2502.02290v1
2502.05679,Federated Learning with Reservoir State Analysis for Time Series Anomaly Detection,Keigo Nogami; Hiroto Tamura; Gouhei Tanaka,2025-02-08,anomaly_detection,2,"With a growing data privacy concern, federated learning has emerged as a promising framework to train machine learning models without sharing locally distributed data. In federated learning, local model training by multiple clients and model integration by a server are repeated only through model parameter sharing. Most existing federated learning methods assume training deep learning models, which are often computationally demanding. To deal with this issue, we propose federated learning methods with reservoir state analysis to seek computational efficiency and data privacy protection simultaneously. Specifically, our method relies on Mahalanobis Distance of Reservoir States (MD-RS) method targeting time series anomaly detection, which learns a distribution of reservoir states for normal inputs and detects anomalies based on a deviation from the learned distribution. Iterative updating of statistical parameters in the MD-RS enables incremental federated learning (IncFed MD-RS). We evaluate the performance of IncFed MD-RS using benchmark datasets for time series anomaly detection. The results show that IncFed MD-RS outperforms other federated learning methods with deep learning and reservoir computing models particularly when clients' data are relatively short and heterogeneous. We demonstrate that IncFed MD-RS is robust against reduced sample data compared to other methods. We also show that the computational cost of IncFed MD-RS can be reduced by subsampling from the reservoir states without performance degradation. The proposed method is beneficial especially in anomaly detection applications where computational efficiency, algorithm simplicity, and low communication cost are required.",http://arxiv.org/abs/2502.05679v2
2502.14293,Cross-Domain Graph Anomaly Detection via Test-Time Training with Homophily-Guided Self-Supervision,Delaram Pirhayati; Arlei Silva,2025-02-20,anomaly_detection,2,"Graph Anomaly Detection (GAD) has demonstrated great effectiveness in identifying unusual patterns within graph-structured data. However, while labeled anomalies are often scarce in emerging applications, existing supervised GAD approaches are either ineffective or not applicable when moved across graph domains due to distribution shifts and heterogeneous feature spaces. To address these challenges, we present GADT3, a novel test-time training framework for cross-domain GAD. GADT3 combines supervised and self-supervised learning during training while adapting to a new domain during test time using only self-supervised learning by leveraging a homophily-based affinity score that captures domain-invariant properties of anomalies. Our framework introduces four key innovations to cross-domain GAD: an effective self-supervision scheme, an attention-based mechanism that dynamically learns edge importance weights during message passing, domain-specific encoders for handling heterogeneous features, and class-aware regularization to address imbalance. Experiments across multiple cross-domain settings demonstrate that GADT3 significantly outperforms existing approaches, achieving average improvements of over 8.2\% in AUROC and AUPRC compared to the best competing model.",http://arxiv.org/abs/2502.14293v2
2503.03418,Simplicial SMOTE: Oversampling Solution to the Imbalanced Learning Problem,Oleg Kachan; Andrey Savchenko; Gleb Gusev,2025-03-05,class_imbalance,12,"SMOTE (Synthetic Minority Oversampling Technique) is the established geometric approach to random oversampling to balance classes in the imbalanced learning problem, followed by many extensions. Its idea is to introduce synthetic data points of the minor class, with each new point being the convex combination of an existing data point and one of its k-nearest neighbors. In this paper, by viewing SMOTE as sampling from the edges of a geometric neighborhood graph and borrowing tools from the topological data analysis, we propose a novel technique, Simplicial SMOTE, that samples from the simplices of a geometric neighborhood simplicial complex. A new synthetic point is defined by the barycentric coordinates w.r.t. a simplex spanned by an arbitrary number of data points being sufficiently close rather than a pair. Such a replacement of the geometric data model results in better coverage of the underlying data distribution compared to existing geometric sampling methods and allows the generation of synthetic points of the minority class closer to the majority class on the decision boundary. We experimentally demonstrate that our Simplicial SMOTE outperforms several popular geometric sampling methods, including the original SMOTE. Moreover, we show that simplicial sampling can be easily integrated into existing SMOTE extensions. We generalize and evaluate simplicial extensions of the classic Borderline SMOTE, Safe-level SMOTE, and ADASYN algorithms, all of which outperform their graph-based counterparts.",http://arxiv.org/abs/2503.03418v1
2503.08097,Evidential Uncertainty Probes for Graph Neural Networks,Linlin Yu; Kangshuo Li; Pritom Kumar Saha; Yifei Lou; Feng Chen,2025-03-11,fraud_detection,1,"Accurate quantification of both aleatoric and epistemic uncertainties is essential when deploying Graph Neural Networks (GNNs) in high-stakes applications such as drug discovery and financial fraud detection, where reliable predictions are critical. Although Evidential Deep Learning (EDL) efficiently quantifies uncertainty using a Dirichlet distribution over predictive probabilities, existing EDL-based GNN (EGNN) models require modifications to the network architecture and retraining, failing to take advantage of pre-trained models. We propose a plug-and-play framework for uncertainty quantification in GNNs that works with pre-trained models without the need for retraining. Our Evidential Probing Network (EPN) uses a lightweight Multi-Layer-Perceptron (MLP) head to extract evidence from learned representations, allowing efficient integration with various GNN architectures. We further introduce evidence-based regularization techniques, referred to as EPN-reg, to enhance the estimation of epistemic uncertainty with theoretical justifications. Extensive experiments demonstrate that the proposed EPN-reg achieves state-of-the-art performance in accurate and efficient uncertainty quantification, making it suitable for real-world deployment.",http://arxiv.org/abs/2503.08097v1
2503.10058,"Deep Learning Approaches for Anti-Money Laundering on Mobile Transactions: Review, Framework, and Directions",Jiani Fan; Lwin Khin Shar; Ruichen Zhang; Ziyao Liu; Wenzhuo Yang; Dusit Niyato; Bomin Mao; Kwok-Yan Lam,2025-03-13,fraud_detection,16,"Money laundering is a financial crime that obscures the origin of illicit funds, necessitating the development and enforcement of anti-money laundering (AML) policies by governments and organizations. The proliferation of mobile payment platforms and smart IoT devices has significantly complicated AML investigations. As payment networks become more interconnected, there is an increasing need for efficient real-time detection to process large volumes of transaction data on heterogeneous payment systems by different operators such as digital currencies, cryptocurrencies and account-based payments. Most of these mobile payment networks are supported by connected devices, many of which are considered loT devices in the FinTech space that constantly generate data. Furthermore, the growing complexity and unpredictability of transaction patterns across these networks contribute to a higher incidence of false positives. While machine learning solutions have the potential to enhance detection efficiency, their application in AML faces unique challenges, such as addressing privacy concerns tied to sensitive financial data and managing the real-world constraint of limited data availability due to data regulations. Existing surveys in the AML literature broadly review machine learning approaches for money laundering detection, but they often lack an in-depth exploration of advanced deep learning techniques - an emerging field with significant potential. To address this gap, this paper conducts a comprehensive review of deep learning solutions and the challenges associated with their use in AML. Additionally, we propose a novel framework that applies the least-privilege principle by integrating machine learning techniques, codifying AML red flags, and employing account profiling to provide context for predictions and enable effective fraud detection under limited data availability....",http://arxiv.org/abs/2503.10058v1
2503.13195,Deep Learning Advancements in Anomaly Detection: A Comprehensive Survey,Haoqi Huang; Ping Wang; Jianhua Pei; Jiacheng Wang; Shahen Alexanian; Dusit Niyato,2025-03-17,anomaly_detection,106,"The rapid expansion of data from diverse sources has made anomaly detection (AD) increasingly essential for identifying unexpected observations that may signal system failures, security breaches, or fraud. As datasets become more complex and high-dimensional, traditional detection methods struggle to effectively capture intricate patterns. Advances in deep learning have made AD methods more powerful and adaptable, improving their ability to handle high-dimensional and unstructured data. This survey provides a comprehensive review of over 180 recent studies, focusing on deep learning-based AD techniques. We categorize and analyze these methods into reconstruction-based and prediction-based approaches, highlighting their effectiveness in modeling complex data distributions. Additionally, we explore the integration of traditional and deep learning methods, highlighting how hybrid approaches combine the interpretability of traditional techniques with the flexibility of deep learning to enhance detection accuracy and model transparency. Finally, we identify open issues and propose future research directions to advance the field of AD. This review bridges gaps in existing literature and serves as a valuable resource for researchers and practitioners seeking to enhance AD techniques using deep learning.",http://arxiv.org/abs/2503.13195v1
2504.05758,Addressing Class Imbalance with Probabilistic Graphical Models and Variational Inference,Yujia Lou; Jie Liu; Yuan Sheng; Jiawei Wang; Yiwei Zhang; Yaokun Ren,2025-04-08,class_imbalance,14,"This study proposes a method for imbalanced data classification based on deep probabilistic graphical models (DPGMs) to solve the problem that traditional methods have insufficient learning ability for minority class samples. To address the classification bias caused by class imbalance, we introduce variational inference optimization probability modeling, which enables the model to adaptively adjust the representation ability of minority classes and combines the class-aware weight adjustment strategy to enhance the classifier's sensitivity to minority classes. In addition, we combine the adversarial learning mechanism to generate minority class samples in the latent space so that the model can better characterize the category boundary in the high-dimensional feature space. The experiment is evaluated on the Kaggle ""Credit Card Fraud Detection"" dataset and compared with a variety of advanced imbalanced classification methods (such as GAN-based sampling, BRF, XGBoost-Cost Sensitive, SAAD, HAN). The results show that the method in this study has achieved the best performance in AUC, Precision, Recall and F1-score indicators, effectively improving the recognition rate of minority classes and reducing the false alarm rate. This method can be widely used in imbalanced classification tasks such as financial fraud detection, medical diagnosis, and anomaly detection, providing a new solution for related research.",http://arxiv.org/abs/2504.05758v1
2504.06643,AMAD: AutoMasked Attention for Unsupervised Multivariate Time Series Anomaly Detection,Tiange Huang; Yongjun Li,2025-04-09,anomaly_detection,0,"Unsupervised multivariate time series anomaly detection (UMTSAD) plays a critical role in various domains, including finance, networks, and sensor systems. In recent years, due to the outstanding performance of deep learning in general sequential tasks, many models have been specialized for deep UMTSAD tasks and have achieved impressive results, particularly those based on the Transformer and self-attention mechanisms. However, the sequence anomaly association assumptions underlying these models are often limited to specific predefined patterns and scenarios, such as concentrated or peak anomaly patterns. These limitations hinder their ability to generalize to diverse anomaly situations, especially where the lack of labels poses significant challenges. To address these issues, we propose AMAD, which integrates \textbf{A}uto\textbf{M}asked Attention for UMTS\textbf{AD} scenarios. AMAD introduces a novel structure based on the AutoMask mechanism and an attention mixup module, forming a simple yet generalized anomaly association representation framework. This framework is further enhanced by a Max-Min training strategy and a Local-Global contrastive learning approach. By combining multi-scale feature extraction with automatic relative association modeling, AMAD provides a robust and adaptable solution to UMTSAD challenges. Extensive experimental results demonstrate that the proposed model achieving competitive performance results compared to SOTA benchmarks across a variety of datasets.",http://arxiv.org/abs/2504.06643v3
2504.08827,PatchTrAD: A Patch-Based Transformer focusing on Patch-Wise Reconstruction Error for Time Series Anomaly Detection,Samy-Melwan Vilhes; Gilles Gasso; Mokhtar Z Alaya,2025-04-10,anomaly_detection,4,"Time series anomaly detection (TSAD) focuses on identifying whether observations in streaming data deviate significantly from normal patterns. With the prevalence of connected devices, anomaly detection on time series has become paramount, as it enables real-time monitoring and early detection of irregular behaviors across various application domains. In this work, we introduce PatchTrAD, a Patch-based Transformer model for time series anomaly detection. Our approach leverages a Transformer encoder along with the use of patches under a reconstructionbased framework for anomaly detection. Empirical evaluations on multiple benchmark datasets show that PatchTrAD is on par, in terms of detection performance, with state-of-the-art deep learning models for anomaly detection while being time efficient during inference.",http://arxiv.org/abs/2504.08827v2
2505.07508,EAGLE: Contrastive Learning for Efficient Graph Anomaly Detection,Jing Ren; Mingliang Hou; Zhixuan Liu; Xiaomei Bai,2025-05-12,anomaly_detection,2,"Graph anomaly detection is a popular and vital task in various real-world scenarios, which has been studied for several decades. Recently, many studies extending deep learning-based methods have shown preferable performance on graph anomaly detection. However, existing methods are lack of efficiency that is definitely necessary for embedded devices. Towards this end, we propose an Efficient Anomaly detection model on heterogeneous Graphs via contrastive LEarning (EAGLE) by contrasting abnormal nodes with normal ones in terms of their distances to the local context. The proposed method first samples instance pairs on meta path-level for contrastive learning. Then, a graph autoencoder-based model is applied to learn informative node embeddings in an unsupervised way, which will be further combined with the discriminator to predict the anomaly scores of nodes. Experimental results show that EAGLE outperforms the state-of-the-art methods on three heterogeneous network datasets.",http://arxiv.org/abs/2505.07508v1
2506.02703,Data Leakage and Deceptive Performance: A Critical Examination of Credit Card Fraud Detection Methodologies,Khizar Hayat; Baptiste Magnier,2025-06-03,fraud_detection,16,"This study critically examines the methodological rigor in credit card fraud detection research, revealing how fundamental evaluation flaws can overshadow algorithmic sophistication. Through deliberate experimentation with improper evaluation protocols, we demonstrate that even simple models can achieve deceptively impressive results when basic methodological principles are violated. Our analysis identifies four critical issues plaguing current approaches: (1) pervasive data leakage from improper preprocessing sequences, (2) intentional vagueness in methodological reporting, (3) inadequate temporal validation for transaction data, and (4) metric manipulation through recall optimization at precision's expense. We present a case study showing how a minimal neural network architecture with data leakage outperforms many sophisticated methods reported in literature, achieving 99.9\% recall despite fundamental evaluation flaws. These findings underscore that proper evaluation methodology matters more than model complexity in fraud detection research. The study serves as a cautionary example of how methodological rigor must precede architectural sophistication, with implications for improving research practices across machine learning applications.",http://arxiv.org/abs/2506.02703v3
2506.09368,Anomaly Detection and Generation with Diffusion Models: A Survey,Yang Liu; Jing Liu; Chengfang Li; Rui Xi; Wenchao Li; Liang Cao; Jin Wang; Laurence T. Yang; Junsong Yuan; Wei Zhou,2025-06-11,anomaly_detection,17,"Anomaly detection (AD) plays a pivotal role across diverse domains, including cybersecurity, finance, healthcare, and industrial manufacturing, by identifying unexpected patterns that deviate from established norms in real-world data. Recent advancements in deep learning, specifically diffusion models (DMs), have sparked significant interest due to their ability to learn complex data distributions and generate high-fidelity samples, offering a robust framework for unsupervised AD. In this survey, we comprehensively review anomaly detection and generation with diffusion models (ADGDM), presenting a tutorial-style analysis of the theoretical foundations and practical implementations and spanning images, videos, time series, tabular, and multimodal data. Crucially, unlike existing surveys that often treat anomaly detection and generation as separate problems, we highlight their inherent synergistic relationship. We reveal how DMs enable a reinforcing cycle where generation techniques directly address the fundamental challenge of anomaly data scarcity, while detection methods provide critical feedback to improve generation fidelity and relevance, advancing both capabilities beyond their individual potential. A detailed taxonomy categorizes ADGDM methods based on anomaly scoring mechanisms, conditioning strategies, and architectural designs, analyzing their strengths and limitations. We final discuss key challenges including scalability and computational efficiency, and outline promising future directions such as efficient architectures, conditioning strategies, and integration with foundation models (e.g., visual-language models and large language models). By synthesizing recent advances and outlining open research questions, this survey aims to guide researchers and practitioners in leveraging DMs for innovative AD solutions across diverse applications.",http://arxiv.org/abs/2506.09368v1
2506.18007,Imputation of Longitudinal Data Using GANs: Challenges and Implications for Classification,Sharon Torao Pingi; Md Abul Bashar; Richi Nayak,2025-06-22,class_imbalance,1,"Longitudinal data is commonly utilised across various domains, such as health, biomedical, education and survey studies. This ubiquity has led to a rise in statistical, machine and deep learning-based methods for Longitudinal Data Classification (LDC). However, the intricate nature of the data, characterised by its multi-dimensionality, causes instance-level heterogeneity and temporal correlations that add to the complexity of longitudinal data analysis. Additionally, LDC accuracy is often hampered by the pervasiveness of missing values in longitudinal data. Despite ongoing research that draw on the generative power and utility of Generative Adversarial Networks (GANs) to address the missing data problem, critical considerations include statistical assumptions surrounding longitudinal data and missingness within it, as well as other data-level challenges like class imbalance and mixed data types that impact longitudinal data imputation (LDI) and the subsequent LDC process in GANs. This paper provides a comprehensive overview of how GANs have been applied in LDI, with a focus whether GANS have adequately addressed fundamental assumptions about the data from a LDC perspective. We propose a categorisation of main approaches to GAN-based LDI, highlight strengths and limitations of methods, identify key research trends, and provide promising future directions. Our findings indicate that while GANs show great potential for LDI to improve usability and quality of longitudinal data for tasks like LDC, there is need for more versatile approaches that can handle the wider spectrum of challenges presented by longitudinal data with missing values. By synthesising current knowledge and identifying critical research gaps, this survey aims to guide future research efforts in developing more effective GAN-based solutions to address LDC challenges.",http://arxiv.org/abs/2506.18007v1
2506.18046,TAB: Unified Benchmarking of Time Series Anomaly Detection Methods,Xiangfei Qiu; Zhe Li; Wanghui Qiu; Shiyan Hu; Lekui Zhou; Xingjian Wu; Zhengyu Li; Chenjuan Guo; Aoying Zhou; Zhenli Sheng; Jilin Hu; Christian S. Jensen; Bin Yang,2025-06-22,anomaly_detection,76,"Time series anomaly detection (TSAD) plays an important role in many domains such as finance, transportation, and healthcare. With the ongoing instrumentation of reality, more time series data will be available, leading also to growing demands for TSAD. While many TSAD methods already exist, new and better methods are still desirable. However, effective progress hinges on the availability of reliable means of evaluating new methods and comparing them with existing methods. We address deficiencies in current evaluation procedures related to datasets and experimental settings and protocols. Specifically, we propose a new time series anomaly detection benchmark, called TAB. First, TAB encompasses 29 public multivariate datasets and 1,635 univariate time series from different domains to facilitate more comprehensive evaluations on diverse datasets. Second, TAB covers a variety of TSAD methods, including Non-learning, Machine learning, Deep learning, LLM-based, and Time-series pre-trained methods. Third, TAB features a unified and automated evaluation pipeline that enables fair and easy evaluation of TSAD methods. Finally, we employ TAB to evaluate existing TSAD methods and report on the outcomes, thereby offering a deeper insight into the performance of these methods. Besides, all datasets and code are available at https://github.com/decisionintelligence/TAB.",http://arxiv.org/abs/2506.18046v2
2506.19871,An Attack Method for Medical Insurance Claim Fraud Detection based on Generative Adversarial Network,Yining Pang; Chenghan Li,2025-06-22,fraud_detection,4,"Insurance fraud detection represents a pivotal advancement in modern insurance service, providing intelligent and digitalized monitoring to enhance management and prevent fraud. It is crucial for ensuring the security and efficiency of insurance systems. Although AI and machine learning algorithms have demonstrated strong performance in detecting fraudulent claims, the absence of standardized defense mechanisms renders current systems vulnerable to emerging adversarial threats. In this paper, we propose a GAN-based approach to conduct adversarial attacks on fraud detection systems. Our results indicate that an attacker, without knowledge of the training data or internal model details, can generate fraudulent cases that are classified as legitimate with a 99\% attack success rate (ASR). By subtly modifying real insurance records and claims, adversaries can significantly increase the fraud risk, potentially bypassing compromised detection systems. These findings underscore the urgent need to enhance the robustness of insurance fraud detection models against adversarial manipulation, thereby ensuring the stability and reliability of different insurance systems.",http://arxiv.org/abs/2506.19871v1
2506.23469,Reconciling Attribute and Structural Anomalies for Improved Graph Anomaly Detection,Chunjing Xiao; Jiahui Lu; Xovee Xu; Fan Zhou; Tianshu Xie; Wei Lu; Lifeng Xu,2025-06-30,anomaly_detection,7,"Graph anomaly detection is critical in domains such as healthcare and economics, where identifying deviations can prevent substantial losses. Existing unsupervised approaches strive to learn a single model capable of detecting both attribute and structural anomalies. However, they confront the tug-of-war problem between two distinct types of anomalies, resulting in suboptimal performance. This work presents TripleAD, a mutual distillation-based triple-channel graph anomaly detection framework. It includes three estimation modules to identify the attribute, structural, and mixed anomalies while mitigating the interference between different types of anomalies. In the first channel, we design a multiscale attribute estimation module to capture extensive node interactions and ameliorate the over-smoothing issue. To better identify structural anomalies, we introduce a link-enhanced structure estimation module in the second channel that facilitates information flow to topologically isolated nodes. The third channel is powered by an attribute-mixed curvature, a new indicator that encapsulates both attribute and structural information for discriminating mixed anomalies. Moreover, a mutual distillation strategy is introduced to encourage communication and collaboration between the three channels. Extensive experiments demonstrate the effectiveness of the proposed TripleAD model against strong baselines.",http://arxiv.org/abs/2506.23469v1
2507.05636,Graph Learning,Feng Xia; Ciyuan Peng; Jing Ren; Falih Gozi Febrinanto; Renqiang Luo; Vidya Saikrishna; Shuo Yu; Xiangjie Kong,2025-07-08,fraud_detection,11,"Graph learning has rapidly evolved into a critical subfield of machine learning and artificial intelligence (AI). Its development began with early graph-theoretic methods, gaining significant momentum with the advent of graph neural networks (GNNs). Over the past decade, progress in scalable architectures, dynamic graph modeling, multimodal learning, generative AI, explainable AI (XAI), and responsible AI has broadened the applicability of graph learning to various challenging environments. Graph learning is significant due to its ability to model complex, non-Euclidean relationships that traditional machine learning struggles to capture, thus better supporting real-world applications ranging from drug discovery and fraud detection to recommender systems and scientific reasoning. However, challenges like scalability, generalization, heterogeneity, interpretability, and trustworthiness must be addressed to unlock its full potential. This survey provides a comprehensive introduction to graph learning, focusing on key dimensions including scalable, temporal, multimodal, generative, explainable, and responsible graph learning. We review state-of-the-art techniques for efficiently handling large-scale graphs, capturing dynamic temporal dependencies, integrating heterogeneous data modalities, generating novel graph samples, and enhancing interpretability to foster trust and transparency. We also explore ethical considerations, such as privacy and fairness, to ensure responsible deployment of graph learning models. Additionally, we identify and discuss emerging topics, highlighting recent integration of graph learning and other AI paradigms and offering insights into future directions. This survey serves as a valuable resource for researchers and practitioners seeking to navigate the rapidly evolving landscape of graph learning.",http://arxiv.org/abs/2507.05636v2
2507.05730,Hyperspectral Anomaly Detection Methods: A Survey and Comparative Study,Aayushma Pant; Arbind Agrahari Baniya; Tsz-Kwan Lee; Sunil Aryal,2025-07-08,anomaly_detection,3,"Hyperspectral images are high-dimensional datasets comprising hundreds of contiguous spectral bands, enabling detailed analysis of materials and surfaces. Hyperspectral anomaly detection (HAD) refers to the technique of identifying and locating anomalous targets in such data without prior information about a hyperspectral scene or target spectrum. This technology has seen rapid advancements in recent years, with applications in agriculture, defence, military surveillance, and environmental monitoring. Despite this significant progress, existing HAD methods continue to face challenges such as high computational complexity, sensitivity to noise, and limited generalisation across diverse datasets. This study presents a comprehensive comparison of various HAD techniques, categorising them into statistical models, representation-based methods, classical machine learning approaches, and deep learning models. We evaluated these methods across 17 benchmarking datasets using different performance metrics, such as ROC, AUC, and separability map to analyse detection accuracy, computational efficiency, their strengths, limitations, and directions for future research. Our findings highlight that deep learning models achieved the highest detection accuracy, while statistical models demonstrated exceptional speed across all datasets. This survey aims to provide valuable insights for researchers and practitioners working to advance the field of hyperspectral anomaly detection methods.",http://arxiv.org/abs/2507.05730v2
2507.15905,Foundation Models and Transformers for Anomaly Detection: A Survey,Mouïn Ben Ammar; Arturo Mendoza; Nacim Belkhir; Antoine Manzanera; Gianni Franchi,2025-07-21,anomaly_detection,28,"In line with the development of deep learning, this survey examines the transformative role of Transformers and foundation models in advancing visual anomaly detection (VAD). We explore how these architectures, with their global receptive fields and adaptability, address challenges such as long-range dependency modeling, contextual modeling and data scarcity. The survey categorizes VAD methods into reconstruction-based, feature-based and zero/few-shot approaches, highlighting the paradigm shift brought about by foundation models. By integrating attention mechanisms and leveraging large-scale pre-training, Transformers and foundation models enable more robust, interpretable, and scalable anomaly detection solutions. This work provides a comprehensive review of state-of-the-art techniques, their strengths, limitations, and emerging trends in leveraging these architectures for VAD.",http://arxiv.org/abs/2507.15905v1
2508.00513,Text-Attributed Graph Anomaly Detection via Multi-Scale Cross- and Uni-Modal Contrastive Learning,Yiming Xu; Xu Hua; Zhen Peng; Bin Shi; Jiarun Chen; Xingbo Fu; Song Wang; Bo Dong,2025-08-01,anomaly_detection,4,"The widespread application of graph data in various high-risk scenarios has increased attention to graph anomaly detection (GAD). Faced with real-world graphs that often carry node descriptions in the form of raw text sequences, termed text-attributed graphs (TAGs), existing graph anomaly detection pipelines typically involve shallow embedding techniques to encode such textual information into features, and then rely on complex self-supervised tasks within the graph domain to detect anomalies. However, this text encoding process is separated from the anomaly detection training objective in the graph domain, making it difficult to ensure that the extracted textual features focus on GAD-relevant information, seriously constraining the detection capability. How to seamlessly integrate raw text and graph topology to unleash the vast potential of cross-modal data in TAGs for anomaly detection poses a challenging issue. This paper presents a novel end-to-end paradigm for text-attributed graph anomaly detection, named CMUCL. We simultaneously model data from both text and graph structures, and jointly train text and graph encoders by leveraging cross-modal and uni-modal multi-scale consistency to uncover potential anomaly-related information. Accordingly, we design an anomaly score estimator based on inconsistency mining to derive node-specific anomaly scores. Considering the lack of benchmark datasets tailored for anomaly detection on TAGs, we release 8 datasets to facilitate future research. Extensive evaluations show that CMUCL significantly advances in text-attributed graph anomaly detection, delivering an 11.13% increase in average accuracy (AP) over the suboptimal.",http://arxiv.org/abs/2508.00513v1
2508.00758,Diffusion-Scheduled Denoising Autoencoders for Anomaly Detection in Tabular Data,Timur Sattarov; Marco Schreyer; Damian Borth,2025-08-01,anomaly_detection,11,"Anomaly detection in tabular data remains challenging due to complex feature interactions and the scarcity of anomalous examples. Denoising autoencoders rely on fixed-magnitude noise, limiting adaptability to diverse data distributions. Diffusion models introduce scheduled noise and iterative denoising, but lack explicit reconstruction mappings. We propose the Diffusion-Scheduled Denoising Autoencoder (DDAE), a framework that integrates diffusion-based noise scheduling and contrastive learning into the encoding process to improve anomaly detection. We evaluated DDAE on 57 datasets from ADBench. Our method outperforms in semi-supervised settings and achieves competitive results in unsupervised settings, improving PR-AUC by up to 65% (9%) and ROC-AUC by 16% (6%) over state-of-the-art autoencoder (diffusion) model baselines. We observed that higher noise levels benefit unsupervised training, while lower noise with linear scheduling is optimal in semi-supervised settings. These findings underscore the importance of principled noise strategies in tabular anomaly detection.",http://arxiv.org/abs/2508.00758v1
2508.00909,NeuCoReClass AD: Redefining Self-Supervised Time Series Anomaly Detection,Aitor Sánchez-Ferrera; Usue Mori; Borja Calvo; Jose A. Lozano,2025-07-29,anomaly_detection,1,"Time series anomaly detection plays a critical role in a wide range of real-world applications. Among unsupervised approaches, self-supervised learning has gained traction for modeling normal behavior without the need of labeled data. However, many existing methods rely on a single proxy task, limiting their ability to capture meaningful patterns in normal data. Moreover, they often depend on handcrafted transformations tailored specific domains, hindering their generalization accross diverse problems. To address these limitations, we introduce NeuCoReClass AD, a self-supervised multi-task time series anomaly detection framework that combines contrastive, reconstruction, and classification proxy tasks. Our method employs neural transformation learning to generate augmented views that are informative, diverse, and coherent, without requiring domain-specific knowledge. We evaluate NeuCoReClass AD across a wide range of benchmarks, demonstrating that it consistently outperforms both classical baselines and most deep-learning alternatives. Furthermore, it enables the characterization of distinct anomaly profiles in a fully unsupervised manner.",http://arxiv.org/abs/2508.00909v2
2508.02283,An Enhanced Focal Loss Function to Mitigate Class Imbalance in Auto Insurance Fraud Detection with Explainable AI,Francis Boabang; Samuel Asante Gyamerah,2025-08-04,fraud_detection,6,"Detecting fraudulent auto-insurance claims remains a challenging classification problem, largely due to the extreme imbalance between legitimate and fraudulent cases. Standard learning algorithms tend to overfit to the majority class, resulting in poor detection of economically significant minority events. This paper proposes a structured three-stage training framework that integrates a convex surrogate of focal loss for stable initialization, a controlled non-convex intermediate loss to improve feature discrimination, and the standard focal loss to refine minority-class sensitivity. We derive conditions under which the surrogate retains convexity in the prediction space and show how this facilitates more reliable optimization when combined with deep sequential models. Using a proprietary auto-insurance dataset, the proposed method improves minority-class F1-scores and AUC relative to conventional focal-loss training and resampling baselines. The approach also provides interpretable feature-attribution patterns through SHAP analysis, offering transparency for actuarial and fraud-analytics applications.",http://arxiv.org/abs/2508.02283v2
2508.14203,"A Survey on Video Anomaly Detection via Deep Learning: Human, Vehicle, and Environment",Ghazal Alinezhad Noghre; Armin Danesh Pazho; Hamed Tabkhi,2025-08-19,anomaly_detection,13,"Video Anomaly Detection (VAD) has emerged as a pivotal task in computer vision, with broad relevance across multiple fields. Recent advances in deep learning have driven significant progress in this area, yet the field remains fragmented across domains and learning paradigms. This survey offers a comprehensive perspective on VAD, systematically organizing the literature across various supervision levels, as well as adaptive learning methods such as online, active, and continual learning. We examine the state of VAD across three major application categories: human-centric, vehicle-centric, and environment-centric scenarios, each with distinct challenges and design considerations. In doing so, we identify fundamental contributions and limitations of current methodologies. By consolidating insights from subfields, we aim to provide the community with a structured foundation for advancing both theoretical understanding and real-world applicability of VAD systems. This survey aims to support researchers by providing a useful reference, while also drawing attention to the broader set of open challenges in anomaly detection, including both fundamental research questions and practical obstacles to real-world deployment.",http://arxiv.org/abs/2508.14203v1
2508.14699,Foe for Fraud: Transferable Adversarial Attacks in Credit Card Fraud Detection,Jan Lum Fok; Qingwen Zeng; Shiping Chen; Oscar Fawkes; Huaming Chen,2025-08-20,fraud_detection,5,"Credit card fraud detection (CCFD) is a critical application of Machine Learning (ML) in the financial sector, where accurately identifying fraudulent transactions is essential for mitigating financial losses. ML models have demonstrated their effectiveness in fraud detection task, in particular with the tabular dataset. While adversarial attacks have been extensively studied in computer vision and deep learning, their impacts on the ML models, particularly those trained on CCFD tabular datasets, remains largely unexplored. These latent vulnerabilities pose significant threats to the security and stability of the financial industry, especially in high-value transactions where losses could be substantial. To address this gap, in this paper, we present a holistic framework that investigate the robustness of CCFD ML model against adversarial perturbations under different circumstances. Specifically, the gradient-based attack methods are incorporated into the tabular credit card transaction data in both black- and white-box adversarial attacks settings. Our findings confirm that tabular data is also susceptible to subtle perturbations, highlighting the need for heightened awareness among financial technology practitioners regarding ML model security and trustworthiness. Furthermore, the experiments by transferring adversarial samples from gradient-based attack method to non-gradient-based models also verify our findings. Our results demonstrate that such attacks remain effective, emphasizing the necessity of developing robust defenses for CCFD algorithms.",http://arxiv.org/abs/2508.14699v1
2508.20829,ATM-GAD: Adaptive Temporal Motif Graph Anomaly Detection for Financial Transaction Networks,Zeyue Zhang; Lin Song; Erkang Bao; Xiaoling Lv; Xinyue Wang,2025-08-28,fraud_detection,3,"Financial fraud detection is essential to safeguard billions of dollars, yet the intertwined entities and fast-changing transaction behaviors in modern financial systems routinely defeat conventional machine learning models. Recent graph-based detectors make headway by representing transactions as networks, but they still overlook two fraud hallmarks rooted in time: (1) temporal motifs--recurring, telltale subgraphs that reveal suspicious money flows as they unfold--and (2) account-specific intervals of anomalous activity, when fraud surfaces only in short bursts unique to each entity. To exploit both signals, we introduce ATM-GAD, an adaptive graph neural network that leverages temporal motifs for financial anomaly detection. A Temporal Motif Extractor condenses each account's transaction history into the most informative motifs, preserving both topology and temporal patterns. These motifs are then analyzed by dual-attention blocks: IntraA reasons over interactions within a single motif, while InterA aggregates evidence across motifs to expose multi-step fraud schemes. In parallel, a differentiable Adaptive Time-Window Learner tailors the observation window for every node, allowing the model to focus precisely on the most revealing time slices. Experiments on four real-world datasets show that ATM-GAD consistently outperforms seven strong anomaly-detection baselines, uncovering fraud patterns missed by earlier methods.",http://arxiv.org/abs/2508.20829v1
2509.00931,Semi-Supervised Bayesian GANs with Log-Signatures for Uncertainty-Aware Credit Card Fraud Detection,David Hirnschall,2025-08-31,fraud_detection,3,"We present a novel deep generative semi-supervised framework for credit card fraud detection, formulated as time series classification task. As financial transaction data streams grow in scale and complexity, traditional methods often require large labeled datasets, struggle with time series of irregular sampling frequencies and varying sequence lengths. To address these challenges, we extend conditional Generative Adversarial Networks (GANs) for targeted data augmentation, integrate Bayesian inference to obtain predictive distributions and quantify uncertainty, and leverage log-signatures for robust feature encoding of transaction histories. We introduce a novel Wasserstein distance-based loss to align generated and real unlabeled samples while simultaneously maximizing classification accuracy on labeled data. Our approach is evaluated on the BankSim dataset, a widely used simulator for credit card transaction data, under varying proportions of labeled samples, demonstrating consistent improvements over benchmarks in both global statistical and domain-specific metrics. These findings highlight the effectiveness of GAN-driven semi-supervised learning with log-signatures for irregularly sampled time series and emphasize the importance of uncertainty-aware predictions.",http://arxiv.org/abs/2509.00931v3
2509.00955,ART: Adaptive Resampling-based Training for Imbalanced Classification,Arjun Basandrai; Shourya Jain; K. Ilanthenral,2025-08-31,class_imbalance,0,"Traditional resampling methods for handling class imbalance typically uses fixed distributions, undersampling the majority or oversampling the minority. These static strategies ignore changes in class-wise learning difficulty, which can limit the overall performance of the model. This paper proposes an Adaptive Resampling-based Training (ART) method that periodically updates the distribution of the training data based on the class-wise performance of the model. Specifically, ART uses class-wise macro F1 scores, computed at fixed intervals, to determine the degree of resampling to be performed. Unlike instance-level difficulty modeling, which is noisy and outlier-sensitive, ART adapts at the class level. This allows the model to incrementally shift its attention towards underperforming classes in a way that better aligns with the optimization objective. Results on diverse benchmarks, including Pima Indians Diabetes and Yeast dataset demonstrate that ART consistently outperforms both resampling-based and algorithm-level methods, including Synthetic Minority Oversampling Technique (SMOTE), NearMiss Undersampling, and Cost-sensitive Learning on binary as well as multi-class classification tasks with varying degrees of imbalance. In most settings, these improvements are statistically significant. On tabular datasets, gains are significant under paired t-tests and Wilcoxon tests (p < 0.05), while results on text and image tasks remain favorable. Compared to training on the original imbalanced data, ART improves macro F1 by an average of 2.64 percentage points across all tested tabular datasets. Unlike existing methods, whose performance varies by task, ART consistently delivers the strongest macro F1, making it a reliable choice for imbalanced classification.",http://arxiv.org/abs/2509.00955v2
2509.02863,Enhancing Machine Learning for Imbalanced Medical Data: A Quantum-Inspired Approach to Synthetic Oversampling (QI-SMOTE),Vikas Kashtriya; Pardeep Singh,2025-09-02,class_imbalance,1,"Class imbalance remains a critical challenge in machine learning (ML), particularly in the medical domain, where underrepresented minority classes lead to biased models and reduced predictive performance. This study introduces Quantum-Inspired SMOTE (QI-SMOTE), a novel data augmentation technique that enhances the performance of ML classifiers, including Random Forest (RF), Support Vector Machine (SVM), Logistic Regression (LR), k-Nearest Neighbors (KNN), Gradient Boosting (GB), and Neural Networks, by leveraging quantum principles such as quantum evolution and layered entanglement. Unlike conventional oversampling methods, QI-SMOTE generates synthetic instances that preserve complex data structures, improving model generalization and classification accuracy. We validate QI-SMOTE on the MIMIC-III and MIMIC-IV datasets, using mortality detection as a benchmark task due to their clinical significance and inherent class imbalance. We compare our method against traditional oversampling techniques, including Borderline-SMOTE, ADASYN, SMOTE-ENN, SMOTE-TOMEK, and SVM-SMOTE, using key performance metrics such as Accuracy, F1-score, G-Mean, and AUC-ROC. The results demonstrate that QI-SMOTE significantly improves the effectiveness of ensemble methods (RF, GB, ADA), kernel-based models (SVM), and deep learning approaches by producing more informative and balanced training data. By integrating quantum-inspired transformations into the ML pipeline, QI-SMOTE not only mitigates class imbalance but also enhances the robustness and reliability of predictive models in medical diagnostics and decision-making. This study highlights the potential of quantum-inspired resampling techniques in advancing state-of-the-art ML methodologies.",http://arxiv.org/abs/2509.02863v1
2509.07451,Synthetic Data Generation with Lorenzetti for Time Series Anomaly Detection in High-Energy Physics Calorimeters,Laura Boggia; Bogdan Malaescu,2025-09-09,anomaly_detection,1,"Anomaly detection in multivariate time series is crucial to ensure the quality of data coming from a physics experiment. Accurately identifying the moments when unexpected errors or defects occur is essential, yet challenging due to scarce labels, unknown anomaly types, and complex correlations across dimensions. To address the scarcity and unreliability of labelled data, we use the Lorenzetti Simulator to generate synthetic events with injected calorimeter anomalies. We then assess the sensitivity of several time series anomaly detection methods, including transformer-based and other deep learning models. The approach employed here is generic and applicable to different detector designs and defects.",http://arxiv.org/abs/2509.07451v3
2509.09030,Contextual Learning for Anomaly Detection in Tabular Data,Spencer King; Zhilu Zhang; Ruofan Yu; Baris Coskun; Wei Ding; Qian Cui,2025-09-10,anomaly_detection,3,"Anomaly detection is critical in domains such as cybersecurity and finance, especially when working with large-scale tabular data. Yet, unsupervised anomaly detection-where no labeled anomalies are available-remains challenging because traditional deep learning methods model a single global distribution, assuming all samples follow the same behavior. In contrast, real-world data often contain heterogeneous contexts (e.g., different users, accounts, or devices), where globally rare events may be normal within specific conditions. We introduce a contextual learning framework that explicitly models how normal behavior varies across contexts by learning conditional data distributions $P(\mathbf{Y} \mid \mathbf{C})$ rather than a global joint distribution $P(\mathbf{X})$. The framework encompasses (1) a probabilistic formulation for context-conditioned learning, (2) a principled bilevel optimization strategy for automatically selecting informative context features using early validation loss, and (3) theoretical grounding through variance decomposition and discriminative learning principles. We instantiate this framework using a novel conditional Wasserstein autoencoder as a simple yet effective model for tabular anomaly detection. Extensive experiments across eight benchmark datasets demonstrate that contextual learning consistently outperforms global approaches-even when the optimal context is not intuitively obvious-establishing a new foundation for anomaly detection in heterogeneous tabular data.",http://arxiv.org/abs/2509.09030v2
2509.11163,GK-SMOTE: A Hyperparameter-free Noise-Resilient Gaussian KDE-Based Oversampling Approach,Mahabubur Rahman Miraj; Hongyu Huang; Ting Yang; Jinxue Zhao; Nankun Mu; Xinyu Lei,2025-09-14,class_imbalance,3,"Imbalanced classification is a significant challenge in machine learning, especially in critical applications like medical diagnosis, fraud detection, and cybersecurity. Traditional oversampling techniques, such as SMOTE, often fail to handle label noise and complex data distributions, leading to reduced classification accuracy. In this paper, we propose GK-SMOTE, a hyperparameter-free, noise-resilient extension of SMOTE, built on Gaussian Kernel Density Estimation (KDE). GK-SMOTE enhances class separability by generating synthetic samples in high-density minority regions, while effectively avoiding noisy or ambiguous areas. This self-adaptive approach uses Gaussian KDE to differentiate between safe and noisy regions, ensuring more accurate sample generation without requiring extensive parameter tuning. Our extensive experiments on diverse binary classification datasets demonstrate that GK-SMOTE outperforms existing state-of-the-art oversampling techniques across key evaluation metrics, including MCC, Balanced Accuracy, and AUPRC. The proposed method offers a robust, efficient solution for imbalanced classification tasks, especially in noisy data environments, making it an attractive choice for real-world applications.",http://arxiv.org/abs/2509.11163v1
2509.15266,A Weak Supervision Approach for Monitoring Recreational Drug Use Effects in Social Media,Lucía Prieto-Santamaría; Alba Cortés Iglesias; Claudio Vidal Giné; Fermín Fernández Calderón; Óscar M. Lozano; Alejandro Rodríguez-González,2025-09-18,class_imbalance,0,"Understanding the real-world effects of recreational drug use remains a critical challenge in public health and biomedical research, especially as traditional surveillance systems often underrepresent user experiences. In this study, we leverage social media (specifically Twitter) as a rich and unfiltered source of user-reported effects associated with three emerging psychoactive substances: ecstasy, GHB, and 2C-B. By combining a curated list of slang terms with biomedical concept extraction via MetaMap, we identified and weakly annotated over 92,000 tweets mentioning these substances. Each tweet was labeled with a polarity reflecting whether it reported a positive or negative effect, following an expert-guided heuristic process. We then performed descriptive and comparative analyses of the reported phenotypic outcomes across substances and trained multiple machine learning classifiers to predict polarity from tweet content, accounting for strong class imbalance using techniques such as cost-sensitive learning and synthetic oversampling. The top performance on the test set was obtained from eXtreme Gradient Boosting with cost-sensitive learning (F1 = 0.885, AUPRC = 0.934). Our findings reveal that Twitter enables the detection of substance-specific phenotypic effects, and that polarity classification models can support real-time pharmacovigilance and drug effect characterization with high accuracy.",http://arxiv.org/abs/2509.15266v1
2509.19032,Improving Credit Card Fraud Detection through Transformer-Enhanced GAN Oversampling,Kashaf Ul Emaan,2025-09-23,fraud_detection,6,"Detection of credit card fraud is an acute issue of financial security because transaction datasets are highly lopsided, with fraud cases being only a drop in the ocean. Balancing datasets using the most popular methods of traditional oversampling such as the Synthetic Minority Oversampling Technique (SMOTE) generally create simplistic synthetic samples that are not readily applicable to complex fraud patterns. Recent industry advances that include Conditional Tabular Generative Adversarial Networks (CTGAN) and Tabular Variational Autoencoders (TVAE) have demonstrated increased efficiency in tabular synthesis, yet all these models still exhibit issues with high-dimensional dependence modelling. Now we will present our hybrid approach where we use a Generative Adversarial Network (GAN) with a Transformer encoder block to produce realistic fraudulent transactions samples. The GAN architecture allows training realistic generators adversarial, and the Transformer allows the model to learn rich feature interactions by self-attention. Such a hybrid strategy overcomes the limitations of SMOTE, CTGAN, and TVAE by producing a variety of high-quality synthetic minority classes samples. We test our algorithm on the publicly-available Credit Card Fraud Detection dataset and compare it to conventional and generative resampling strategies with a variety of classifiers, such as Logistic Regression (LR), Random Forest (RF), Extreme Gradient Boosting (XGBoost), and Support Vector Machine (SVM). Findings indicate that our Transformer-based GAN shows substantial gains in Recall, F1-score and Area Under the Receiver Operating Characteristic Curve (AUC), which indicates that it is effective in overcoming the severe class imbalance inherent in the task of fraud detection.",http://arxiv.org/abs/2509.19032v2
2509.25334,Uncertainty-Aware Generative Oversampling Using an Entropy-Guided Conditional Variational Autoencoder,Amirhossein Zare; Amirhessam Zare; Parmida Sadat Pezeshki;  Herlock;  Rahimi; Ali Ebrahimi; Ignacio Vázquez-García; Leo Anthony Celi,2025-09-29,class_imbalance,1,"Class imbalance remains a major challenge in machine learning, especially for high-dimensional biomedical data where nonlinear manifold structures dominate. Traditional oversampling methods such as SMOTE rely on local linear interpolation, often producing implausible synthetic samples. Deep generative models like Conditional Variational Autoencoders (CVAEs) better capture nonlinear distributions, but standard variants treat all minority samples equally, neglecting the importance of uncertain, boundary-region examples emphasized by heuristic methods like Borderline-SMOTE and ADASYN. We propose Local Entropy-Guided Oversampling with a CVAE (LEO-CVAE), a generative oversampling framework that explicitly incorporates local uncertainty into both representation learning and data generation. To quantify uncertainty, we compute Shannon entropy over the class distribution in a sample's neighborhood: high entropy indicates greater class overlap, serving as a proxy for uncertainty. LEO-CVAE leverages this signal through two mechanisms: (i) a Local Entropy-Weighted Loss (LEWL) that emphasizes robust learning in uncertain regions, and (ii) an entropy-guided sampling strategy that concentrates generation in these informative, class-overlapping areas. Applied to clinical genomics datasets (ADNI and TCGA lung cancer), LEO-CVAE consistently improves classifier performance, outperforming both traditional oversampling and generative baselines. These results highlight the value of uncertainty-aware generative oversampling for imbalanced learning in domains governed by complex nonlinear structures, such as omics data.",http://arxiv.org/abs/2509.25334v3
2510.05676,Inductive inference of gradient-boosted decision trees on graphs for insurance fraud detection,Félix Vandervorst; Bruno Deprez; Wouter Verbeke; Tim Verdonck,2025-10-07,fraud_detection,0,"Graph-based methods are becoming increasingly popular in machine learning due to their ability to model complex data and relations. Insurance fraud is a prime use case, since fraudulent claims are often the result of organised criminals that stage accidents or the same persons filing erroneous claims on multiple policies. One challenge is that graph-based approaches struggle to find meaningful representations of the data because of the high class imbalance present in fraud data. In addition, insurance graphs are heterogeneous and dynamic, given the changing relations among people, companies and policies. As a result, gradient-boosted tree approaches on tabular data still dominate the field. Therefore, we present a novel inductive graph gradient boosting machine (G-GBM) for supervised learning on heterogeneous and dynamic graphs. G-GBM combines the class-imbalance robustness of gradient boosting with heterogeneous graph information encoded through interpretable path-level feature concatenations, while preserving access to the original tabular feature space. In addition, the explicit representation of neighbourhood information enables transparent SHAP-based explanations at the metapath and feature level. We demonstrate G-GBM for insurance fraud detection on an open-source and a real-world, proprietary dataset, and find that G-GBM performs on par or better than the state-of-the-art. The associated insurance fraud dataset is publicly released to facilitate reproducibility.",http://arxiv.org/abs/2510.05676v2
2510.14991,The Role of Federated Learning in Improving Financial Security: A Survey,Cade Houston Kennedy; Amr Hilal; Morteza Momeni,2025-10-07,fraud_detection,6,"With the growth of digital financial systems, robust security and privacy have become a concern for financial institutions. Even though traditional machine learning models have shown to be effective in fraud detections, they often compromise user data by requiring centralized access to sensitive information. In IoT-enabled financial endpoints such as ATMs and POS Systems that regularly produce sensitive data that is sent over the network. Federated Learning (FL) offers a privacy-preserving, decentralized model training across institutions without sharing raw data. FL enables cross-silo collaboration among banks while also using cross-device learning on IoT endpoints. This survey explores the role of FL in enhancing financial security and introduces a novel classification of its applications based on regulatory and compliance exposure levels ranging from low-exposure tasks such as collaborative portfolio optimization to high-exposure tasks like real-time fraud detection. Unlike prior surveys, this work reviews FL's practical use within financial systems, discussing its regulatory compliance and recent successes in fraud prevention and blockchain-integrated frameworks. However, FL deployment in finance is not without challenges. Data heterogeneity, adversarial attacks, and regulatory compliance make implementation far from easy. This survey reviews current defense mechanisms and discusses future directions, including blockchain integration, differential privacy, secure multi-party computation, and quantum-secure frameworks. Ultimately, this work aims to be a resource for researchers exploring FL's potential to advance secure, privacy-compliant financial systems.",http://arxiv.org/abs/2510.14991v1
2510.18998,An Encode-then-Decompose Approach to Unsupervised Time Series Anomaly Detection on Contaminated Training Data--Extended Version,Buang Zhang; Tung Kieu; Xiangfei Qiu; Chenjuan Guo; Jilin Hu; Aoying Zhou; Christian S. Jensen; Bin Yang,2025-10-21,anomaly_detection,4,"Time series anomaly detection is important in modern large-scale systems and is applied in a variety of domains to analyze and monitor the operation of diverse systems. Unsupervised approaches have received widespread interest, as they do not require anomaly labels during training, thus avoiding potentially high costs and having wider applications. Among these, autoencoders have received extensive attention. They use reconstruction errors from compressed representations to define anomaly scores. However, representations learned by autoencoders are sensitive to anomalies in training time series, causing reduced accuracy. We propose a novel encode-then-decompose paradigm, where we decompose the encoded representation into stable and auxiliary representations, thereby enhancing the robustness when training with contaminated time series. In addition, we propose a novel mutual information based metric to replace the reconstruction errors for identifying anomalies. Our proposal demonstrates competitive or state-of-the-art performance on eight commonly used multi- and univariate time series benchmarks and exhibits robustness to time series with different contamination ratios.",http://arxiv.org/abs/2510.18998v1
2510.21837,Quantum Autoencoders for Anomaly Detection in Cybersecurity,Rohan Senthil; Swee Liang Wong,2025-10-22,anomaly_detection,1,"Anomaly detection in cybersecurity is a challenging task, where normal events far outnumber anomalous ones with new anomalies occurring frequently. Classical autoencoders have been used for anomaly detection, but struggles in data-limited settings which quantum counterparts can potentially overcome. In this work, we apply Quantum Autoencoders (QAEs) for anomaly detection in cybersecurity, specifically on the BPF-extended tracking honeypot (BETH) dataset. QAEs are evaluated across multiple encoding techniques, ansatz types, repetitions, and feature selection strategies. Our results demonstrate that an 8-feature QAE using Dense-Angle encoding with a RealAmplitude ansatz can outperform Classical Autoencoders (CAEs), even when trained on substantially fewer samples. The effects of quantum encoding and feature selection for developing quantum models are demonstrated and discussed. In a data-limited setting, the best performing QAE model has a F1 score of 0.87, better than that of CAE (0.77). These findings suggest that QAEs may offer practical advantages for anomaly detection in data-limited scenarios.",http://arxiv.org/abs/2510.21837v1
2510.22190,RGC: a radio AGN classifier based on deep learning. I. A semi-supervised multiclass model for VLA images,M. S. Hossain; M. S. H. Shahal; K. M. B. Asad; P. Saikia; A. Khan; F. Akter; A. Ali; M. A. Amin; D. P. Guha; M. O. B. Jihad; A. Momen; S. Sen; A. K. M. M. Rahman,2025-10-25,class_imbalance,0,"Bent radio active galactic nuclei (RAGNs) -- wide-angle tails (WATs) and narrow-angle tails (NATs) -- trace dense environments in galaxy groups and clusters, yet no multiclass classifier simultaneously separates them from straight Fanaroff--Riley types (sFRI, sFRII) using visually inspected labels and unlabelled data. We release FIRST-2060, a four-class labelled dataset of 2060 RAGNs (sFRI, sFRII, WAT, NAT) constructed from three publicly available catalogues through multi-tier visual inspection, together with the semi-supervised RGC 1.0 model that leverages 20,000 unlabelled sources. We benchmark RGC against five supervised baselines. FIRST-2060 is provided in two preprocessing variants: $\mathbf{R}_{L1}$, which retains spurious sources, and $\mathbf{R}_{L2}$, from which they are removed. The RGC model integrates the self-supervised framework BYOL (Bootstrap Your Own Latent) with an $E(2)$-equivariant steerable CNN (E2CNN) encoder, pre-trained on the unlabelled data and fine-tuned on the labelled sets. All six models are evaluated with 5-fold cross-validation, Grad-CAM attention analysis, and controlled class-imbalance experiments. ConvNeXT ($M_1$) and RGC ($M_2$) form a top tier at macro-$F_1$ $0.80\pm0.02$ and $0.79\pm0.02$ respectively, a difference within one standard deviation. $M_2$ is the only model whose Grad-CAM contours consistently trace the morphological structure of RAGNs -- lobes, jets, and bends -- rather than defaulting to compact blobs or diffuse patterns. The four-class scheme introduced here enables WAT/NAT-resolved catalogues that can serve as environment probes and progenitor classifications for diffuse cluster radio emission. The complementary strengths of $M_1$ and $M_2$ -- in cross-type and within-type discrimination respectively -- suggest that an ensemble approach may offer a practical framework for survey-scale morphological catalogues.",http://arxiv.org/abs/2510.22190v2
2511.00047,DynBERG: Dynamic BERT-based Graph neural network for financial fraud detection,Omkar Kulkarni; Rohitash Chandra,2025-10-28,fraud_detection,0,"Financial fraud detection is critical for maintaining the integrity of financial systems, particularly in decentralised environments such as cryptocurrency networks. Although Graph Convolutional Networks (GCNs) are widely used for financial fraud detection, graph Transformer models such as Graph-BERT are gaining prominence due to their Transformer-based architecture, which mitigates issues such as over-smoothing. Graph-BERT is designed for static graphs and primarily evaluated on citation networks with undirected edges. However, financial transaction networks are inherently dynamic, with evolving structures and directed edges representing the flow of money. To address these challenges, we introduce DynBERG, a novel architecture that integrates Graph-BERT with a Gated Recurrent Unit (GRU) layer to capture temporal evolution over multiple time steps. Additionally, we modify the underlying algorithm to support directed edges, making DynBERG well-suited for dynamic financial transaction analysis. We evaluate our model on the Elliptic dataset, which includes Bitcoin transactions, including all transactions during a major cryptocurrency market event, the Dark Market Shutdown. By assessing DynBERG's resilience before and after this event, we analyse its ability to adapt to significant market shifts that impact transaction behaviours. Our model is benchmarked against state-of-the-art dynamic graph classification approaches, such as EvolveGCN and GCN, demonstrating superior performance, outperforming EvolveGCN before the market shutdown and surpassing GCN after the event. Additionally, an ablation study highlights the critical role of incorporating a time-series deep learning component, showcasing the effectiveness of GRU in modelling the temporal dynamics of financial transactions.",http://arxiv.org/abs/2511.00047v1
2512.02023,An Improved Ensemble-Based Machine Learning Model with Feature Optimization for Early Diabetes Prediction,Md. Najmul Islam; Md. Miner Hossain Rimon; Shah Sadek-E-Akbor Shamim; Zarif Mohaimen Fahad; Md. Jehadul Islam Mony; Md. Jalal Uddin Chowdhury,2025-11-15,class_imbalance,1,"Diabetes is a serious worldwide health issue, and successful intervention depends on early detection. However, overlapping risk factors and data asymmetry make prediction difficult. To use extensive health survey data to create a machine learning framework for diabetes classification that is both accurate and comprehensible, to produce results that will aid in clinical decision-making. Using the BRFSS dataset, we assessed a number of supervised learning techniques. SMOTE and Tomek Links were used to correct class imbalance. To improve prediction performance, both individual models and ensemble techniques such as stacking were investigated. The 2015 BRFSS dataset, which includes roughly 253,680 records with 22 numerical features, is used in this study. Strong ROC-AUC performance of approximately 0.96 was attained by the individual models Random Forest, XGBoost, CatBoost, and LightGBM.The stacking ensemble with XGBoost and KNN yielded the best overall results with 94.82\% accuracy, ROC-AUC of 0.989, and PR-AUC of 0.991, indicating a favourable balance between recall and precision. In our study, we proposed and developed a React Native-based application with a Python Flask backend to support early diabetes prediction, providing users with an accessible and efficient health monitoring tool.",http://arxiv.org/abs/2512.02023v2
2512.03696,Quantum Topological Graph Neural Networks for Detecting Complex Fraud Patterns,Mohammad Doost; Mohammad Manthouri,2025-12-03,fraud_detection,2,"We propose a novel QTGNN framework for detecting fraudulent transactions in large-scale financial networks. By integrating quantum embedding, variational graph convolutions, and topological data analysis, QTGNN captures complex transaction dynamics and structural anomalies indicative of fraud. The methodology includes quantum data embedding with entanglement enhancement, variational quantum graph convolutions with non-linear dynamics, extraction of higher-order topological invariants, hybrid quantum-classical anomaly learning with adaptive optimization, and interpretable decision-making via topological attribution. Rigorous convergence guarantees ensure stable training on noisy intermediate-scale quantum (NISQ) devices, while stability of topological signatures provides robust fraud detection. Optimized for NISQ hardware with circuit simplifications and graph sampling, the framework scales to large transaction networks. Simulations on financial datasets, such as PaySim and Elliptic, benchmark QTGNN against classical and quantum baselines, using metrics like ROC-AUC, precision, and false positive rate. An ablation study evaluates the contributions of quantum embeddings, topological features, non-linear channels, and hybrid learning. QTGNN offers a theoretically sound, interpretable, and practical solution for financial fraud detection, bridging quantum machine learning, graph theory, and topological analysis.",http://arxiv.org/abs/2512.03696v1
2512.16037,Explainable AI in Big Data Fraud Detection,Ayush Jain; Rahul Kulkarni; Siyi Lin,2025-12-17,fraud_detection,6,"Big Data has become central to modern applications in finance, insurance, and cybersecurity, enabling machine learning systems to perform large-scale risk assessments and fraud detection. However, the increasing dependence on automated analytics introduces important concerns about transparency, regulatory compliance, and trust. This paper examines how explainable artificial intelligence (XAI) can be integrated into Big Data analytics pipelines for fraud detection and risk management. We review key Big Data characteristics and survey major analytical tools, including distributed storage systems, streaming platforms, and advanced fraud detection models such as anomaly detectors, graph-based approaches, and ensemble classifiers. We also present a structured review of widely used XAI methods, including LIME, SHAP, counterfactual explanations, and attention mechanisms, and analyze their strengths and limitations when deployed at scale. Based on these findings, we identify key research gaps related to scalability, real-time processing, and explainability for graph and temporal models. To address these challenges, we outline a conceptual framework that integrates scalable Big Data infrastructure with context-aware explanation mechanisms and human feedback. The paper concludes with open research directions in scalable XAI, privacy-aware explanations, and standardized evaluation methods for explainable fraud detection systems.",http://arxiv.org/abs/2512.16037v1
2512.22291,Multi-Head Spectral-Adaptive Graph Anomaly Detection,Qingyue Cao; Bo Jin; Changwei Gong; Xin Tong; Wenzheng Li; Xiaodong Zhou,2025-12-25,anomaly_detection,0,"Graph anomaly detection technology has broad applications in financial fraud and risk control. However, existing graph anomaly detection methods often face significant challenges when dealing with complex and variable abnormal patterns, as anomalous nodes are often disguised and mixed with normal nodes, leading to the coexistence of homophily and heterophily in the graph domain. Recent spectral graph neural networks have made notable progress in addressing this issue; however, current techniques typically employ fixed, globally shared filters. This 'one-size-fits-all' approach can easily cause over-smoothing, erasing critical high-frequency signals needed for fraud detection, and lacks adaptive capabilities for different graph instances. To solve this problem, we propose a Multi-Head Spectral-Adaptive Graph Neural Network (MHSA-GNN). The core innovation is the design of a lightweight hypernetwork that, conditioned on a 'spectral fingerprint' containing structural statistics and Rayleigh quotient features, dynamically generates Chebyshev filter parameters tailored to each instance. This enables a customized filtering strategy for each node and its local subgraph. Additionally, to prevent mode collapse in the multi-head mechanism, we introduce a novel dual regularization strategy that combines teacher-student contrastive learning (TSC) to ensure representation accuracy and Barlow Twins diversity loss (BTD) to enforce orthogonality among heads. Extensive experiments on four real-world datasets demonstrate that our method effectively preserves high-frequency abnormal signals and significantly outperforms existing state-of-the-art methods, especially showing excellent robustness on highly heterogeneous datasets.",http://arxiv.org/abs/2512.22291v1
2512.23133,Principled Algorithms for Optimizing Generalized Metrics in Binary Classification,Anqi Mao; Mehryar Mohri; Yutao Zhong,2025-12-29,class_imbalance,17,"In applications with significant class imbalance or asymmetric costs, metrics such as the $F_β$-measure, AM measure, Jaccard similarity coefficient, and weighted accuracy offer more suitable evaluation criteria than standard binary classification loss. However, optimizing these metrics present significant computational and statistical challenges. Existing approaches often rely on the characterization of the Bayes-optimal classifier, and use threshold-based methods that first estimate class probabilities and then seek an optimal threshold. This leads to algorithms that are not tailored to restricted hypothesis sets and lack finite-sample performance guarantees. In this work, we introduce principled algorithms for optimizing generalized metrics, supported by $H$-consistency and finite-sample generalization bounds. Our approach reformulates metric optimization as a generalized cost-sensitive learning problem, enabling the design of novel surrogate loss functions with provable $H$-consistency guarantees. Leveraging this framework, we develop new algorithms, METRO (Metric Optimization), with strong theoretical performance guarantees. We report the results of experiments demonstrating the effectiveness of our methods compared to prior baselines.",http://arxiv.org/abs/2512.23133v1
2512.23777,A Survey on Graph Neural Networks for Fraud Detection in Ride Hailing Platforms,Kanishka Hewageegana; Janani Harischandra; Nipuna Senanayake; Gihan Danansuriya; Kavindu Hapuarachchi; Pooja Illangarathne,2025-12-29,fraud_detection,3,"This study investigates fraud detection in ride hailing platforms through Graph Neural Networks (GNNs),focusing on the effectiveness of various models. By analyzing prevalent fraudulent activities, the research highlights and compares the existing work related to fraud detection which can be useful when addressing fraudulent incidents within the online ride hailing platforms. Also, the paper highlights addressing class imbalance and fraudulent camouflage. It also outlines a structured overview of GNN architectures and methodologies applied to anomaly detection, identifying significant methodological progress and gaps. The paper calls for further exploration into real-world applicability and technical improvements to enhance fraud detection strategies in the rapidly evolving ride-hailing industry.",http://arxiv.org/abs/2512.23777v1
2601.12660,Toward Faithful Explanations in Acoustic Anomaly Detection,Maab Elrashid; Anthony Deschênes; Cem Subakan; Mirco Ravanelli; Rémi Georges; Michael Morin,2026-01-19,anomaly_detection,0,"Interpretability is essential for user trust in real-world anomaly detection applications. However, deep learning models, despite their strong performance, often lack transparency. In this work, we study the interpretability of autoencoder-based models for audio anomaly detection, by comparing a standard autoencoder (AE) with a mask autoencoder (MAE) in terms of detection performance and interpretability. We applied several attribution methods, including error maps, saliency maps, SmoothGrad, Integrated Gradients, GradSHAP, and Grad-CAM. Although MAE shows a slightly lower detection, it consistently provides more faithful and temporally precise explanations, suggesting a better alignment with true anomalies. To assess the relevance of the regions highlighted by the explanation method, we propose a perturbation-based faithfulness metric that replaces them with their reconstructions to simulate normal input. Our findings, based on experiments in a real industrial scenario, highlight the importance of incorporating interpretability into anomaly detection pipelines and show that masked training improves explanation quality without compromising performance.",http://arxiv.org/abs/2601.12660v1
2602.01005,Predicting Anemia Among Under-Five Children in Nepal Using Machine Learning and Deep Learning,Deepak Bastola; Pitambar Acharya; Dipak Dulal; Rabina Dhakal; Yang Li,2026-02-01,class_imbalance,2,"Childhood anemia remains a major public health challenge in Nepal and is associated with impaired growth, cognition, and increased morbidity. Using World Health Organization hemoglobin thresholds, we defined anemia status for children aged 6-59 months and formulated a binary classification task by grouping all anemia severities as \emph{anemic} versus \emph{not anemic}. We analyzed Nepal Demographic and Health Survey (NDHS 2022) microdata comprising 1,855 children and initially considered 48 candidate features spanning demographic, socioeconomic, maternal, and child health characteristics. To obtain a stable and substantiated feature set, we applied four features selection techniques (Chi-square, mutual information, point-biserial correlation, and Boruta) and prioritized features supported by multi-method consensus. Five features: child age, recent fever, household size, maternal anemia, and parasite deworming were consistently selected by all methods, while amenorrhea, ethnicity indicators, and provinces were frequently retained. We then compared eight traditional machine learning classifiers (LR, KNN, DT, RF, XGBoost, SVM, NB, LDA) with two deep learning models (DNN and TabNet) using standard evaluation metrics, emphasizing F1-score and recall due to class imbalance. Among all models, logistic regression attained the best recall (0.701) and the highest F1-score (0.649), while DNN achieved the highest accuracy (0.709), and SVM yielded the strongest discrimination with the highest AUC (0.736). Overall, the results indicate that both machine learning and deep learning models can provide competitive anemia prediction and the interpretable features such as child age, infection proxy, maternal anemia, and deworming history are central for risk stratification and public health screening in Nepal.",http://arxiv.org/abs/2602.01005v1
2602.06955,Improving Credit Card Fraud Detection with an Optimized Explainable Boosting Machine,Reza E. Fazel; Arash Bakhtiary; Siavash A. Bigdeli,2026-02-06,fraud_detection,0,"Addressing class imbalance is a central challenge in credit card fraud detection, as it directly impacts predictive reliability in real-world financial systems. To overcome this, the study proposes an enhanced workflow based on the Explainable Boosting Machine (EBM)-a transparent, state-of-the-art implementation of the GA2M algorithm-optimized through systematic hyperparameter tuning, feature selection, and preprocessing refinement. Rather than relying on conventional sampling techniques that may introduce bias or cause information loss, the optimized EBM achieves an effective balance between accuracy and interpretability, enabling precise detection of fraudulent transactions while providing actionable insights into feature importance and interaction effects. Furthermore, the Taguchi method is employed to optimize both the sequence of data scalers and model hyperparameters, ensuring robust, reproducible, and systematically validated performance improvements. Experimental evaluation on benchmark credit card data yields an ROC-AUC of 0.983, surpassing prior EBM baselines (0.975) and outperforming Logistic Regression, Random Forest, XGBoost, and Decision Tree models. These results highlight the potential of interpretable machine learning and data-driven optimization for advancing trustworthy fraud analytics in financial systems.",http://arxiv.org/abs/2602.06955v1
2602.23599,Normalisation and Initialisation Strategies for Graph Neural Networks in Blockchain Anomaly Detection,Dang Sy Duy; Nguyen Duy Chien; Kapil Dev; Jeff Nijsse,2026-02-27,fraud_detection,2,"Graph neural networks (GNNs) offer a principled approach to financial fraud detection by jointly learning from node features and transaction graph topology. However, their effectiveness on real-world anti-money laundering (AML) benchmarks depends critically on training practices such as specifically weight initialisation and normalisation that remain underexplored. We present a systematic ablation of initialisation and normalisation strategies across three GNN architectures (GCN, GAT, and GraphSAGE) on the Elliptic Bitcoin dataset. Our experiments reveal that initialisation and normalisation are architecture-dependent: GraphSAGE achieves the strongest performance with Xavier initialisation alone, GAT benefits most from combining GraphNorm with Xavier initialisation, while GCN shows limited sensitivity to these modifications. These findings offer practical, architecture-specific guidance for deploying GNNs in AML pipelines for datasets with severe class imbalance. We release a reproducible experimental framework with temporal data splits, seeded runs, and full ablation results.",http://arxiv.org/abs/2602.23599v1
2603.01975,Density-Matrix Spectral Embeddings for Categorical Data: Operator Structure and Stability,Raquel Bosch-Romeu; Antonio Falcó; osé-Antonio Rodríguez-Gallego,2026-03-02,class_imbalance,0,"We introduce a supervised dimensionality reduction methodology for categorical (and discretized mixed-type) data based on a density-matrix construction induced by class-conditional frequencies. Given a labeled dataset encoded in a one-hot survey space, we assemble a frequency matrix whose columns aggregate feature occurrences within each class, and define a normalized Gram-type operator that satisfies the axioms of a density matrix. The resulting representation admits an intrinsic rank bound controlled by the number of classes, enabling low-dimensional spectral embeddings via dominant eigenmodes. Classification is performed in the reduced space through class-conditional kernel density estimation and a maximum-likelihood decision rule. We establish structural invariances, provide complexity estimates, and validate the approach on synthetic benchmarks probing high cardinality, sparsity, noise, and class imbalance.",http://arxiv.org/abs/2603.01975v1
2603.04209,Beyond Edge Deletion: A Comprehensive Approach to Counterfactual Explanation in Graph Neural Networks,Matteo De Sanctis; Riccardo De Sanctis; Stefano Faralli; Paola Velardi; Bardh Prenkaj,2026-03-04,fraud_detection,2,"Graph Neural Networks (GNNs) are increasingly adopted across domains such as molecular biology and social network analysis, yet their black-box nature hinders interpretability and trust. This is especially problematic in high-stakes applications, such as predicting molecule toxicity, drug discovery, or guiding financial fraud detections, where transparent explanations are essential. Counterfactual explanations - minimal changes that flip a model's prediction - offer a transparent lens into GNNs' behavior. In this work, we introduce XPlore, a novel technique that significantly broadens the counterfactual search space. It consists of gradient-guided perturbations to adjacency and node feature matrices. Unlike most prior methods, which focus solely on edge deletions, our approach belongs to the growing class of techniques that optimize edge insertions and node-feature perturbations, here jointly performed under a unified gradient-based framework, enabling a richer and more nuanced exploration of counterfactuals. To quantify both structural and semantic fidelity, we introduce a cosine similarity metric for learned graph embeddings that addresses a key limitation of traditional distance-based metrics, and demonstrate that XPlore produces more coherent and minimal counterfactuals. Empirical results on 13 real-world and 5 synthetic benchmarks show up to +56.3% improvement in validity and +52.8% in fidelity over state-of-the-art baselines, while retaining competitive runtime.",http://arxiv.org/abs/2603.04209v1
2603.08377,Beyond the Markovian Assumption: Robust Optimization via Fractional Weyl Integrals in Imbalanced Data,Gustavo A. Dorrego,2026-03-09,class_imbalance,0,"Standard Gradient Descent and its modern variants assume local, Markovian weight updates, making them highly susceptible to noise and overfitting. This limitation becomes critically severe in extremely imbalanced datasets such as financial fraud detection where dominant class gradients systematically overwrite the subtle signals of the minority class. In this paper, we introduce a novel optimization algorithm grounded in Fractional Calculus. By isolating the core memory engine of the generalized fractional derivative, the Weighted Fractional Weyl Integral, we replace the instantaneous gradient with a dynamically weighted historical sequence. This fractional memory operator acts as a natural regularizer. Empirical evaluations demonstrate that our method prevents overfitting in medical diagnostics and achieves an approximately 40 percent improvement in PR-AUC over classical optimizers in financial fraud detection, establishing a robust bridge between pure fractional topology and applied Machine Learning.",http://arxiv.org/abs/2603.08377v1
2603.18941,Unified Taxonomy for Multivariate Time Series Anomaly Detection using Deep Learning,Bruna Alves; Armando J. Pinho; Sónia Gouveia,2026-03-19,anomaly_detection,0,"The topic of Multivariate Time Series Anomaly Detection (MTSAD) has grown rapidly over the past years, with a steady rise in publications and Deep Learning (DL) models becoming the dominant paradigm. To address the lack of systematization in the field, this study introduces a novel and unified taxonomy with eleven dimensions over three parts (Input, Output and Model) for the categorization of DL-based MTSAD methods. The dimensions were established in a two-fold approach. First, they derived from a comprehensive analysis of methodological studies. Second, insights from review papers were incorporated. Furthermore, the proposed taxonomy was validated using an additional set of recent publications, providing a clear overview of methodological trends in MTSAD. Results reveal a convergence toward Transformer-based and reconstruction and prediction models, setting the foundation for emerging adaptive and generative trends. Building on and complementing existing surveys, this unified taxonomy is designed to accommodate future developments, allowing for new categories or dimensions to be added as the field progresses. This work thus consolidates fragmented knowledge in the field and provides a reference point for future research in MTSAD.",http://arxiv.org/abs/2603.18941v2
2604.07952,Fraud Detection System for Banking Transactions,Ranya Batsyas; Ritesh Yaduwanshi,2026-04-09,class_imbalance,0,"The expansion of digital payment systems has heightened both the scale and intricacy of online financial transactions, thereby increasing vulnerability to fraudulent activities. Detecting fraud effectively is complicated by the changing nature of attack strategies and the significant disparity between genuine and fraudulent transactions. This research introduces a machine learning-based fraud detection framework utilizing the PaySim synthetic financial transaction dataset. Following the CRISP-DM methodology, the study includes hypothesis-driven exploratory analysis, feature refinement, and a comparative assessment of baseline models such as Logistic Regression and tree-based classifiers like Random Forest, XGBoost, and Decision Tree. To tackle class imbalance, SMOTE is employed, and model performance is enhanced through hyperparameter tuning with GridSearchCV. The proposed framework provides a robust and scalable solution to enhance fraud prevention capabilities in FinTech transaction systems. Keywords: fraud detection, imbalanced data, HPO, SMOTE",http://arxiv.org/abs/2604.07952v1
2604.14231,Shapley Value-Guided Adaptive Ensemble Learning for Explainable Financial Fraud Detection with U.S. Regulatory Compliance Validation,Mohammad Nasir Uddin; Md Munna Aziz,2026-04-14,fraud_detection,2,"Financial crime costs U.S. institutions over $32 billion each year. Although AI tools for fraud detection have become more advanced, their use in real-world systems still faces a major obstacle: many of these models operate as black boxes that cannot provide the transparent, auditable explanations required by regulations such as OCC Bulletin 2011-12 and Federal Reserve SR 11-7. This study makes three main contributions. First, it offers a thorough evaluation of explanation quality across faithfulness (sufficiency and comprehensiveness at k=5, 10, and 15) and stability (Kendall's W across 30 bootstrap samples). XGBoost paired with TreeExplainer achieves near-perfect stability (W=0.9912), while LSTM with DeepExplainer shows weak results (W=0.4962). Second, the paper introduces the SHAP-Guided Adaptive Ensemble (SGAE), which dynamically adjusts per-transaction ensemble weights based on SHAP attribution agreement, achieving the highest AUC-ROC among all tested models (0.8837 held-out; 0.9245 cross-validation). Third, a complete three-architecture evaluation of LSTM, Transformer, and GNN-GraphSAGE on the full 590,540-transaction IEEE-CIS dataset is provided, with GNN-GraphSAGE achieving AUC-ROC 0.9248 and F1=0.6013. All results are mapped directly to OCC, SR 11-7, and BSA-AML regulatory compliance requirements.",http://arxiv.org/abs/2604.14231v1
2604.14235,Graph-Based Fraud Detection with Dual-Path Graph Filtering,Wei He; Wensheng Gan; Philip S. Yu,2026-04-14,fraud_detection,0,"Fraud detection on graph data can be viewed as a demanding task that requires distinguishing between different types of nodes. Because graph neural networks (GNNs) are naturally suited for processing information encoded in graph form through their message-passing operations, methods based on GNN models have increasingly attracted attention in the fraud detection domain. However, fraud graphs inherently exhibit relation camouflage, high heterophily, and class imbalance, causing most GNNs to underperform in fraud detection tasks. To address these challenges, this paper proposes a Graph-Based Fraud Detection Model with Dual-Path Graph Filtering (DPF-GFD). DPF-GFD first applies a beta wavelet-based operator to the original graph to capture key structural patterns. It then constructs a similarity graph from distance-based node representations and applies an improved low-pass filter. The embeddings from the original and similarity graphs are fused through supervised representation learning to obtain node features, which are finally used by an ensemble tree model to assess the fraud risk of unlabeled nodes. Unlike existing single-graph smoothing approaches, DPF-GFD introduces a frequency-complementary dual-path filtering paradigm tailored for fraud detection, explicitly decoupling structural anomaly modeling and feature similarity modeling. This design enables more discriminative and stable node representations in highly heterophilous and imbalanced fraud graphs. Comprehensive experiments on four real-world financial fraud detection datasets demonstrate the effectiveness of our proposed method.",http://arxiv.org/abs/2604.14235v1
2604.15668,NK-GAD: Neighbor Knowledge-Enhanced Unsupervised Graph Anomaly Detection,Zehao Wang; Lanjun Wang,2026-04-17,anomaly_detection,0,"Graph anomaly detection aims to identify irregular patterns in graph-structured data. Most unsupervised GNN-based methods rely on the homophily assumption that connected nodes share similar attributes. However, real-world graphs often exhibit attribute-level heterophily, where connected nodes have dissimilar attributes. Our analysis of attribute-level heterophily graphs reveals two phenomena indicating that current approaches are not practical for unsupervised graph anomaly detection: 1) attribute similarities between connected nodes show nearly identical distributions across different connected node pair types, and 2) anomalies cause consistent variation trends between the graph with and without anomalous edges in the low- and high-frequency components of the spectral energy distributions, while the mid-part exhibits more erratic variations. Based on these observations, we propose NK-GAD, a neighbor knowledge-enhanced unsupervised graph anomaly detection framework. NK-GAD integrates a joint encoder capturing both similar and dissimilar neighbor features, a neighbor reconstruction module modeling normal distributions, a center aggregation module refining node features, and dual decoders for reconstructing attributes and structures. Experiments on seven datasets show NK-GAD achieves an average 3.29\% AUC improvement.",http://arxiv.org/abs/2604.15668v1
2604.27723,Optimized Deferral for Imbalanced Settings,Corinna Cortes; Anqi Mao; Mehryar Mohri; Yutao Zhong,2026-04-30,class_imbalance,7,"Learning algorithms can be significantly improved by routing complex or uncertain inputs to specialized experts, balancing accuracy with computational cost. This approach, known as learning to defer, is essential in domains like natural language generation, medical diagnosis, and computer vision, where an effective deferral can reduce errors at low extra resource consumption. However, the two-stage learning to defer setting, which leverages existing predictors such as a collection of LLMs or other classifiers, often faces challenges due to an expert imbalance problem. This imbalance can lead to suboptimal performance, with deferral algorithms favoring the majority expert. We present a comprehensive study of two-stage learning to defer in expert imbalance settings. We cast the deferral loss optimization as a novel cost-sensitive learning problem over the input-expert domain. We derive new margin-based loss functions and guarantees tailored to this setting, and develop novel algorithms for cost-sensitive learning. Leveraging these results, we design principled deferral algorithms, MILD (Margin-based Imbalanced Learning to Defer), specifically suited for expert imbalance settings. Extensive experiments demonstrate the effectiveness of our approach, showing clear improvements over existing baselines on both image classification and real-world Large Language Model (LLM) routing tasks.",http://arxiv.org/abs/2604.27723v2
2605.07133,GAD in the Wild: Benchmarking Graph Anomaly Detection under Realistic Deployment Challenges,Jingjing Zhou; Shiyu Huang; Qing Qing; Zuquan Yuan; Huafei Huang; Ziqi Xu; Mingliang Hou; Xikun Zhang; Renqiang Luo; Ivan Lee,2026-05-08,fraud_detection,0,"Graph Anomaly Detection (GAD) is a critical task in graph machine learning with vital applications in financial fraud detection and social platform governance. However, existing GAD benchmarks are often restricted to small-scale, curated graphs with relatively balanced anomaly ratios, leaving a substantial gap between academic evaluation and real-world deployment. To bridge this gap, we present a multi-dimensional benchmark that systematically evaluates GAD models under three deployment-relevant challenges: million-scale graphs, extreme anomaly scarcity, and missing node attributes. We derive a family of controlled benchmark variants from five diverse graphs, including two native industrial-scale datasets with over 3.7 million nodes. Our extensive evaluation of nine representative GAD models reveals three major limitations: (1) most GNN-based methods fail to scale to million-node graphs due to prohibitive memory requirements; (2) detection performance drops sharply under realistic anomaly ratios (e.g., 0.1\%), often resulting in zero recall; and (3) reconstruction-based models are highly sensitive to attribute imputation strategies. Our findings suggest that strong performance in laboratory settings does not guarantee robustness in production environments. We release this benchmark and empirical evaluation as a diagnostic testbed to promote the development of robust and scalable GAD systems for large-scale, imperfect graphs encountered in practice. Code is available at https://anonymous.4open.science/r/Benchmark_GAD-E7A3.",http://arxiv.org/abs/2605.07133v1
2605.11749,Learning Feature Encoder with Synthetic Anomalies for Weakly Supervised Graph Anomaly Detection,Yingjie Zhou; Yuqin Xie; Fanxing Liu; Dongjin Song; Ce Zhu; Lingqiao Liu,2026-05-12,anomaly_detection,0,"Weakly supervised graph anomaly detection aims to unveil unusual graph instances, e.g., nodes, whose behaviors significantly differ from normal ones, given only a limited number of annotated anomalies and abundant unlabeled samples. A major challenge is to learn a meaningful latent feature representation that reduces intra-class variance among normal data while remaining highly sensitive to anomalies. Although recent works have applied self-supervised feature learning for graph anomaly detection, their strategies are not specifically tailored to its unique requirements, motivating our exploration of a more domain-specific approach. In this paper, we introduce a weakly supervised graph anomaly detection method that leverages a feature learning strategy tailored for graph anomalies. Our approach is built upon a multi-task learning scheme that extracts robust feature representations through synthesized anomalies. We generate synthetic anomalies by perturbing the normal graph in various ways and assign a dedicated detection head to each anomaly type, ensuring that learned features are sensitive to potential deviations from normal patterns. Although synthetic anomalies may not perfectly replicate real-world patterns, they provide valuable auxiliary data for effective feature learnin, much like features learned from ImageNet classification transfer to downstream vision tasks. Additionally, we adopt a two-phase learning strategy: an initial warm-up phase using only synthetic samples, followed by a full-training phase integrating both tasks, to balance the influence of synthetic and real data. Extensive experiments on public datasets demonstrate the superior performance of our method over its competitors. Code is available at https://github.com/yj-zhou/SAWGAD.",http://arxiv.org/abs/2605.11749v1
2605.12782,Graph-Based Financial Fraud Detection with Calibrated Risk Scoring and Structural Regularization,Yunfei Nie; Jiawei Wang; Ruobing Yan; Yuhan Wang; Zouxiaowei Ma; Yilun Wu,2026-05-12,fraud_detection,10,"Financial transaction fraud prevention faces challenges such as complex relationship structures, concealed behavioral patterns, and dynamically changing data distribution. Discrimination models relying solely on independent sample features are insufficient to fully characterize the risks of group collaboration and chain transfers within transaction networks. This paper proposes a graph neural network representation learning and risk discrimination framework for financial transaction fraud prevention. It integrates transaction records and identity information into node attributes and constructs a transaction graph based on shared attributes and interaction consistency to explicitly model inter-transaction relationships. In model design, a multi-layer message passing mechanism is employed to aggregate neighborhood information, learn node embedding representations containing structural context semantics, and output transaction-level fraud probability and risk scores through a lightweight risk discrimination head. A weighted supervision objective is introduced to mitigate training bias caused by class imbalance, and structural consistency regularization constraints are combined to suppress the impact of noisy edges on representation drift, thereby improving the stability and usability of risk characterization. Experiments are conducted on a publicly available financial transaction dataset, comparing various methods in the same direction and comprehensively evaluating them under a unified evaluation protocol. The results show that the proposed method outperforms other methods in risk ranking and probability calibration quality, validating the effectiveness of graph structure modeling and representation learning collaboration in financial transaction fraud prevention.",http://arxiv.org/abs/2605.12782v1
2605.14467,Focused PU learning from imbalanced data,Elias Zavitsanos; Georgios Paliouras,2026-05-14,class_imbalance,0,"We propose a new method of learning from positive and unlabeled (PU) examples in highly imbalanced datasets. Many real-world problems, such as disease gene identification, targeted marketing, fraud detection, and recommender systems, are hard to address with machine learning methods, due to limited labeled data. Often, training data comprises positive and unlabeled instances, the latter typically being dominated by negative, but including also several positive instances. While PU learning is well-studied, few methods address imbalanced settings or hard-to-detect positive examples that resemble negative ones. Our approach uses a focused empirical risk estimator, incorporating both positive and unlabeled examples to train binary classifiers. Empirical evaluations demonstrate state-of-the-art performance on imbalanced datasets under two labeling mechanisms - selecting positives completely at random (SCAR) and selecting at random (SAR). Beyond these controlled experiments, we demonstrate the value of the proposed method in the real-world application of financial misstatement detection.",http://arxiv.org/abs/2605.14467v1
2605.23955,From Accuracy to Auditability: A Survey of Determinism in Financial AI Systems,Ruizhe Zhou; Xiaoyang Liu; Gaoyuan Du; Yi Zheng; Shouxi Ren; Deepayan Chakrabarti; Dengdu Jiang,2026-05-11,fraud_detection,0,"Deploying machine learning in regulated financial environments -- credit risk, fraud detection, and anti-money laundering -- exposes critical vulnerabilities in algorithmic reproducibility. While early financial ML addressed statistical challenges such as backtest overfitting, deep neural networks and Generative AI have introduced mechanical nondeterminism rooted in hardware and architecture. This survey provides a systems perspective on reproducibility failures across three modalities now dominant in financial AI: tabular models (post-hoc explanation variance), graph networks (stochastic sampling and temporal asynchrony), and LLM-based agentic workflows (batch-dependent divergence and trajectory drift). We supplement the literature analysis with first-party experiments on public financial datasets -- quantifying explanation rank instability in credit scoring, prediction flip rates in GNN-based fraud detection, and tensor-parallel-induced output divergence in LLM entity extraction. We propose a layered evaluation framework linking modality-specific metrics (RBO, D_cos, TDI, PSD) to audit readiness, and report where these measures overlap rather than complement one another.",http://arxiv.org/abs/2605.23955v4
2605.26193,Bridging Classification and Reconstruction: Cooperative Time Series Anomaly Detection,Qideng Tang; Dai Chaofan; Wubin Ma; Yahui Wu; Haohao Zhou; Tao Zhang; Huan Li; Dalin Zhang,2026-05-25,anomaly_detection,0,"Time series anomaly detection (TSAD) has long been a hot research topic in data mining due to its various applications. Recent studies challenge the effectiveness of popular deep learning methods for TSAD, suggesting their failure in detecting subtle and prolonged anomalies. Outlier Exposure (OE) and Masked Autoencoder (MAE) emerge as two promising paradigms (classification and reconstruction) for solving the above problems. However, OE-based methods are constrained by poor generalization, while MAE-based methods are limited by masking misalignment issues. To address these limitations, this paper proposes a novel framework, CoAD, which unifies the two paradigms to leverage their complementary strengths while mitigating their respective weaknesses. In this framework, the classification module generates probability-informed soft masks for the reconstruction module, which in turn alleviates the generalization problem of the classification module. This cooperative design enables CoAD to effectively detect subtle and complex anomalies that are often overlooked by existing methods. Additionally, the classification module is carefully designed to resolve issues related to improper classification granularity and the neglect of frequency information. Extensive experiments on high-quality benchmark datasets, conducted under rigorous evaluation protocols, demonstrate that CoAD significantly outperforms both state-of-the-art deep learning and traditional data mining methods, highlighting the potential of deep learning in TSAD. Moreover, CoAD is lightweight and substantially faster than existing SOTA methods, demonstrating its practical value for large-scale, real-time applications.",http://arxiv.org/abs/2605.26193v2
2605.26446,DDGAD: Trajectory Dynamics for Diffusion-Based Graph Anomaly Detection,Yuxin Yang; Limei Hu; Feng Chen,2026-05-26,anomaly_detection,0,"Graph anomaly detection (GAD) aims to identify nodes or substructures whose behavior or attributes deviate significantly from the overall pattern in graph-structured data, with critical applications in financial risk control, social network analysis, and cybersecurity. However, existing GCN-based methods suffer from the fundamental problem of contamination propagation, where anomalous nodes pollute the representations of their neighbors through message passing, leading to degraded detection performance. In this paper, we propose DDGAD, a novel diffusion-based graph anomaly detection framework that leverages trajectory dynamics to distinguish normal and anomalous nodes. Our key insight is that normal nodes exhibit consistent and stable representation trajectories under the coupled effects of diffusion regularization and reliability-aware neighborhood consensus, while anomalous nodes exhibit unstable and conflicting dynamics due to the directional disagreement between the global manifold prior and locally contaminated message passing. To mitigate contamination propagation, we introduce a distributed reliability-aware consensus refinement mechanism and define three complementary anomaly signals: neighbor inconsistency, reliability weight, and dynamical conflict energy. We further provide a preliminary theoretical analysis on normal node stability under the coupled dynamics. These signals collectively characterize anomalous behaviors from the perspectives of local inconsistency, consensus reliability, and dynamical instability. Extensive experiments on five real-world datasets demonstrate the effectiveness of the proposed framework.",http://arxiv.org/abs/2605.26446v1
2605.27470,Detect by Yourself: Self-Designing Agentic Workflows for Few-Shot Graph Anomaly Detection,Tairan Huang; Qiang Chen; Yili Wang; Yueyue Ma; Changlong He; Xiu Su; Yi Chen,2026-05-26,anomaly_detection,0,"Graph anomaly detection aims to identify anomaly nodes in attributed graphs and plays an important role in real-world applications. However, existing graph anomaly detection methods still face two key challenges: 1) fixed pipelines, which restrict their adaptability across different graph tasks under limited supervision; 2) weak evidence, which prevents them from explicitly incorporating contextual and structural anomaly signals into the detection process. In this paper, we propose a novel framework, self-designing agentic workflows for few-shot graph anomaly detection (SignGAD). Specifically, we propose a novel paradigm that reformulates graph anomaly detection task from training a fixed anomaly detector to designing task-conditioned detection workflows. By constructing detection workflows, SignGAD selects suitable graph encodings and detector designs to exploit task-specific anomaly evidence. Meanwhile, we introduce a guarded final refit strategy to refine the selected workflow by calibrating refit acceptance, enhancing reliability under limited supervision. Extensive experiments conducted on several real-world datasets demonstrate that SignGAD achieves strong performance against state-of-the-art methods, highlighting its effectiveness on graph anomaly detection tasks.",http://arxiv.org/abs/2605.27470v1
2606.00161,Improving IoT Intrusion Detection Through SMOTE-Based Oversampling and Extended Multi-Model Evaluation on Side-Channel Power Data,Muhammad Khuram Shahzad; Haseeb Khan; Muhammad Masood Khan; Mubashra Bibi,2026-05-29,class_imbalance,0,"The detection of intrusions in IoT-based networks poses challenges that cannot be overcome using traditional machine learning methods. Perhaps the biggest of them is related to the presence of a class imbalance in the side-channel dataset, where the number of samples in the normal class compared to the attacks can reach a ratio of 75,964 to 1. Such an aspect is addressed by Dominguez et al. through the proof of concept of power-based intrusion detection. Unfortunately, neither the authors attempt to cope with the problem of imbalance nor do they assess the classifier performance using a balanced training set. In the current paper, both aspects will be handled at once. First, a Synthetic Minority Oversampling Technique (SMOTE) was performed on all nine possible datasets extracted from the initial one, providing an exact imbalance ratio of 1.1 for each. Then, eight algorithms i.e. Random Forest, HistGradientBoosting, LightGBM, Extra Trees, XGBoost, k-Nearest Neighbors, Multi-Layer Perceptron, and Decision Tree were trained under identical conditions for the SMOTE balanced 6-hour dataset. Random Forest reached a micro-averaged F1 score of 0.9989 and macro F1 of 0.9794, thus outperforming the previously best micro-F1 result obtained by Time Series Forest algorithm from the base paper of 0.9983. Extra Trees provided the same performance as well, but at 10 times faster. The introduction of a macro-F1 metric explicitly in contrast to the base paper assessment reveals important class-level information missed with aggregate performance metrics. Recall rates per-class calculated with confusion matrices, F1 heatmaps, and ROC curves show that minority attack classes, especially those with combined M+L infections, are detected reliably only when using SMOTE balance. Feature importance analysis indicates the latest time steps as the most important predictor signals out of 60 steps in a power window.",http://arxiv.org/abs/2606.00161v1
2606.10393,Validation-Stage Combinatorial Fusion Analysis for Imbalanced Credit-Card Fraud Detection,Xiao Han; Chenyu Wu,2026-06-09,fraud_detection,2,"Credit-card fraud detection is difficult because fraudulent transactions are rare, costly, and unevenly distributed. Strong gradient-boosted tree models already perform well on structured transaction data, so the value of another fusion method is not obvious. This paper examines whether Combinatorial Fusion Analysis (CFA), which searches over model subsets and rank-score fusion rules, can still add value on the IEEE-CIS Fraud Detection benchmark. Using a leakage-free 60/20/20 train/validation/test protocol, we evaluate 480 fusion configurations built from seven base classifiers. The best test-set result comes from diversity-weighted score fusion of Random Forest, XGBoost, and LightGBM (DEF WtScore), with AUC-ROC = 0.9405, AUPRC = 0.6699, and F1 = 0.6373. Bootstrap confidence intervals from 1,000 resamples show that the gains over the strongest single model exclude zero for all three metrics. CFA matches soft voting on AUC-ROC, improves AUPRC and F1, and outperforms stacking in this setting. A CTGAN augmentation experiment gives a negative result: synthetic fraud samples degrade both individual models and CFA. Overall, CFA is most useful here not as a way to combine every classifier, but as a validation-stage method for choosing a small, complementary subset and assigning diversity-aware weights.",http://arxiv.org/abs/2606.10393v1
2606.12673,A Zero-shot Generalized Graph Anomaly Detection Framework via Node Reconstruction,Phan Nguyen; Dat Cao; Hien Chu; Khue Hoang,2026-06-10,anomaly_detection,0,"Cross-domain graph anomaly detection (GAD) aims to identify abnormal nodes in unseen target graphs, showing strong potential in real-world applications with heterogeneous graph data. However, existing methods often depend on dataset-specific feature semantics and structural patterns, which limits their ability to generalize across different domains. To address this challenge, we propose AlignGAD, a zero-shot generalized graph anomaly detection framework. Our framework is built upon three key components: a Global Unification Module that aligns heterogeneous node features and normalizes graph signals in the spectral domain; a Clustering Module that constructs cluster-aware graph views to capture group-level abnormal patterns; and a Node Discrepancy Scoring Module that measures reconstruction discrepancy and aggregates anomaly evidence from different graph views. Experiments on multiple real-world datasets demonstrate the effectiveness of AlignGAD under the zero-shot GAD setting.",http://arxiv.org/abs/2606.12673v1
2606.18444,TMR-GGNN: Credit Card Fraud Detection based on Time-Aware Multi-Relational Guided Graph Neural Network,Rohit Tewari; Shubhankar Shilpi; Navin Chhibber; Devendra Singh Parmar; Sunil Khemka; Piyush Ranjan,2026-06-16,class_imbalance;fraud_detection,0,"In recent years, credit card fraud detection has faced significant challenges due to highly imbalanced data, evolving fraud patterns, and complex relational structures among transaction entities. To address these issues, this research proposes a novel framework called Timeaware Multi Relational Guided Graph Neural Network (TMR GGNN). Particularly, the proposed TMR GGNN extends the encoder decoder Graph Neural Network GNN architecture by modeling heterogeneous interactions across customers, merchants, devices, and IPs over temporal windows. Subsequently, the proposed TMR GGNN approach constructs a dynamic, multi relational graph and incorporates a time aware relational attention mechanism within the encoder to adaptively weigh the transaction relevance based on temporal proximity and semantic context. Consequently, the decoder employs a contrastive learning module to distinguish between real and synthesized transaction patterns, while improving the models generalization of rare fraud cases. Additionally, to effectively manage severe class imbalances and emphasize discriminative learning, a composite loss function combining Information Noise Contrastive Estimation (InfoNCE) based contrastive loss with Focal Loss is introduced. This integration assists in improving fraud identification while mitigating false negatives.",http://arxiv.org/abs/2606.18444v1
2606.24625,QC-SMOTE: Quality-Controlled SMOTE for Imbalanced Classification,Parth Upman; Shreyank N Gowda,2026-06-23,class_imbalance,0,"Class imbalance poses a significant challenge in classification, where existing methods such as SMOTE often generate low-quality synthetic samples in regions with noise or class overlap. We propose QC-SMOTE, a quality-controlled oversampling framework that estimates minority sample reliability using a composite neighbourhood trustworthiness score combining local density, safe-level, and isolation from the majority class. Synthetic candidates are generated using an IPQ-guided best-of-K strategy that evaluates midpoint purity and, when required, majority clearance, with allocation guided by sample reliability and boundary informativeness. Generation behaviour adapts across overlap--imbalance regimes, adjusting interpolation range and selection criteria to match local data geometry. Low-quality synthetic samples are replaced with original minority duplicates when neighbourhood purity falls below an adaptive threshold, providing graceful degradation by reverting to duplication in severely noisy regions. Experiments on 30 imbalanced datasets using repeated stratified cross-validation show that QC-SMOTE achieves the strongest average AUC-ROC and Macro F1 among the compared oversampling methods, with particularly clear gains under moderate and severe imbalance. These results demonstrate the importance of quality-aware, geometry-adaptive synthetic sampling for robust imbalanced classification.",http://arxiv.org/abs/2606.24625v1
2607.13078,Operational Evidence Gaps for LLMs in Fraud Detection and Trust-and-Safety Workflows,Keyur Gabani,2026-07-12,fraud_detection,0,"LLMs are now proposed for fraud detection, scam investigation, content moderation, and other trust-and-safety workflows. Much of the public literature still evaluates them as models, with less attention to their behavior as components in operational pipelines. This creates a practical evidence question: what would justify placing an LLM inside a live workflow with latency, cost, escalation, human-review, and adversarial-risk constraints? We address this question through a fraud-first survey of deployment evidence. We code 49 operationally relevant sources on LLM use in fraud detection, investigation support, content moderation, and cross-cutting robustness (18 fraud, 14 moderation, 17 cross-cutting), supplemented by 15 contextual references that establish the survey boundaries. These sources include systems, benchmarks, frameworks, and deployment-relevant surveys, not 49 production deployments. The main finding is an evidence imbalance. Fraud supplies the largest task-specific portion of the coded corpus. The moderation papers, however, include more explicit public evidence on latency, cost, governance, and fairness. Among the 18 fraud and investigation sources, none report clean per-decision latency, per-decision dollar cost, or calibration evidence; most report offline task performance, retrieval gains, or case-study accuracy instead. The survey contributes a role-and-evidence organizing frame, FORTE, for locating LLMs as classifiers, retrieval interfaces, explanation generators, reviewer assistants, agents, feature extractors, or escalation components. It also contributes a minimum deployment-evidence checklist covering latency budget, cost per decision, decision threshold, explanation integrity, and adversarial pressure. The resulting agenda identifies studies needed to support deployment claims for LLM-based fraud and trust-and-safety work.",http://arxiv.org/abs/2607.13078v1
2607.20530,CLOE: Christoffel Loss Autoencoder for Anomaly Detection,Léa Billet; Louise Travé-Massuyès; Elodie Chanthery; Alexandre Gaffet,2026-07-10,anomaly_detection,2,"Semi-supervised anomaly detection plays a key role in diverse fields such as process monitoring, healthcare, and finance. However, lightweight methods often struggle with high-dimensional data and typically require careful tuning of multiple hyperparameters. Among existing approaches, Christoffel Function--based methods are attractive due to their simplicity, requiring at most a single hyperparameter. They also benefit from a well-established theoretical foundation that yields several interesting results for data science. However, their main limitation is poor scalability to high-dimensional settings. In this paper, we introduce CLOE, a new method that combines an autoencoder for dimensionality reduction with a Christoffel Function--based detector applied in the latent space. To better align representation learning with anomaly detection, we design a novel loss function that leverages the Christoffel Function to guide the autoencoder toward representations that better capture the support of the normal data distribution. We further propose a principled procedure to set the detection threshold and an efficient strategy to tune the single remaining hyperparameter. Experiments on multiple high-dimensional tabular anomaly detection benchmarks demonstrate that CLOE achieves superior performance compared to existing methods, while preserving the lightweight and low-tuning advantages of Christoffel Function--based approaches.",http://arxiv.org/abs/2607.20530v1
2608.01885,CARE: A Cascaded Framework for Efficient and Reliable Time Series Anomaly Detection,Zemin Chao; Qianhui Xu; Jianhe Cen; Guangzhi Ge; Xiao Chen; Hoangzhi Wang,2026-08-03,anomaly_detection,0,"While deep learning models have achieved state-of-the-art performance in time series anomaly detection, their complex architectures incur substantial inference overhead. Existing methods typically apply a uniform inference strategy across all data points, which is inefficient given that anomalies are inherently scarce and the vast majority of temporal data consists of predictable normal patterns. To mitigate this bottleneck, we propose CARE, a model-agnostic cascaded inference framework that integrates a Lightweight Pre-filter Model (LPM) with an existing high-capacity Complex Detection Model (CDM). The LPM rapidly filters high-confidence normal samples using a Residual MLP AutoEncoder and a Normality-Conditioned Gating mechanism. Crucially, we introduce a Structure Attention module to explicitly capture channel-wise anomaly contributions, and optimize the gating network via a confidence-guided selective routing objective that learns reliable routing decisions to reduce unnecessary CDM invocations. Extensive experiments across eight real-world benchmarks demonstrate that CARE effectively isolates high-confidence normal samples. By routing only uncertain samples to the CDM, our framework achieves $2.7\times$ to $4.8\times$ inference speedup compared to the most accurate SOTA approaches, while still maintaining competitive detection quality.",http://arxiv.org/abs/2608.01885v1
2608.27144,Feature Transformation Enhanced Jacobi Polynomial Graph Filtering for Graph Anomaly Detection,Xiang Wang; Zhijun Cheng; Zhenyu Meng,2026-08-27,anomaly_detection,0,"In recent years, graph anomaly detection (GAD) based on frequency-domain filtering have achieved promising results. However, existing approaches still face three major challenges: First, they use static basic function to constructed graph filter which cannot effectively adapt to the frequency-domain distribution of graph data. Second, they fail to adequately consider the importance information of each attribute in the node feature vector, leading to the loss of fine-grained information. Third, they insufficiently utilize node labels for GAD. To address these issues, this paper proposes a novel graph anomaly detection method called JPGFN (Feature Transformation Enhanced Jacobi Polynomial Graph Filtering Network). First, a Feature Separation Transformation Network (FSTNN) is developed to better learn fine-grained node features by feature separation and applying nonlinear transformations to node features across different dimensions. Second, an adaptive Jacobi polynomial graph filtering module is constructed based on Jacobi polynomials to adaptively capture complex frequency-domain features of graph signals. Finally, a node label constraint module is developed to facilitate the use of node labels and enhance the performance of GAD. Experimental results on multiple real-world datasets demonstrate that the proposed method significantly outperforms mainstream approaches.",http://arxiv.org/abs/2608.27144v1
